ctime,datname,pid,usesysid,usename,application_name,client_addr,client_port,backend_start,xact_start,query_start,waiting,query,state,state_change
1430926366.94707,dbt2,55572,10,mark,dbt2-client,,-1,2015-05-06 17:32:45.657597+02,,2015-05-06 17:32:46.939528+02,f,COMMIT,idle,2015-05-06 17:32:46.939567+02
1430926366.94707,dbt2,55576,10,mark,dbt2-client,,-1,2015-05-06 17:32:45.757627+02,,2015-05-06 17:32:46.941116+02,f,COMMIT,idle,2015-05-06 17:32:46.941514+02
1430926366.94707,dbt2,55578,10,mark,dbt2-client,,-1,2015-05-06 17:32:45.85777+02,,2015-05-06 17:32:46.936226+02,f,COMMIT,idle,2015-05-06 17:32:46.936815+02
1430926366.94707,dbt2,55580,10,mark,dbt2-client,,-1,2015-05-06 17:32:45.958003+02,2015-05-06 17:32:46.944885+02,2015-05-06 17:32:46.945197+02,f,FETCH ALL IN mycursor,active,2015-05-06 17:32:46.945198+02
1430926366.94707,dbt2,55582,10,mark,dbt2-client,,-1,2015-05-06 17:32:46.058051+02,,2015-05-06 17:32:46.939337+02,f,COMMIT,idle,2015-05-06 17:32:46.939818+02
1430926366.94707,dbt2,55584,10,mark,dbt2-client,,-1,2015-05-06 17:32:46.158192+02,,2015-05-06 17:32:46.943736+02,f,COMMIT,idle,2015-05-06 17:32:46.944017+02
1430926366.94707,dbt2,55586,10,mark,dbt2-client,,-1,2015-05-06 17:32:46.258353+02,2015-05-06 17:32:46.942488+02,2015-05-06 17:32:46.949263+02,f,COMMIT,active,2015-05-06 17:32:46.949264+02
1430926366.94707,dbt2,55588,10,mark,dbt2-client,,-1,2015-05-06 17:32:46.358514+02,,2015-05-06 17:32:46.936581+02,f,COMMIT,idle,2015-05-06 17:32:46.937005+02
1430926366.94707,dbt2,55590,10,mark,dbt2-client,,-1,2015-05-06 17:32:46.458634+02,,2015-05-06 17:32:46.944646+02,f,COMMIT,idle,2015-05-06 17:32:46.944677+02
1430926366.94707,dbt2,55592,10,mark,dbt2-client,,-1,2015-05-06 17:32:46.558779+02,2015-05-06 17:32:46.946943+02,2015-05-06 17:32:46.949054+02,f,COMMIT,active,2015-05-06 17:32:46.949055+02
1430926366.94707,dbt2,55594,10,mark,dbt2-client,,-1,2015-05-06 17:32:46.658961+02,,2015-05-06 17:32:46.946201+02,f,COMMIT,idle,2015-05-06 17:32:46.946698+02
1430926366.94707,dbt2,55655,10,mark,dbt2-client,,-1,2015-05-06 17:32:46.759003+02,,2015-05-06 17:32:46.941901+02,f,COMMIT,idle,2015-05-06 17:32:46.942262+02
1430926366.94707,dbt2,55719,10,mark,psql,,-1,2015-05-06 17:32:46.944496+02,2015-05-06 17:32:46.946983+02,2015-05-06 17:32:46.946983+02,f,"COPY (SELECT EXTRACT(EPOCH FROM TRANSACTION_TIMESTAMP()) AS ctime, relname, pid, mode, granted FROM pg_locks, pg_class WHERE relfilenode = relation ORDER BY relname) TO STDOUT (FORMAT CSV, HEADER);",active,2015-05-06 17:32:46.946993+02
1430926366.94707,dbt2,55688,10,mark,dbt2-client,,-1,2015-05-06 17:32:46.859136+02,,2015-05-06 17:32:46.941763+02,f,COMMIT,idle,2015-05-06 17:32:46.942093+02
1430926366.94707,dbt2,55720,10,mark,psql,,-1,2015-05-06 17:32:46.944669+02,2015-05-06 17:32:46.94707+02,2015-05-06 17:32:46.94707+02,f,"COPY (SELECT EXTRACT(EPOCH FROM TRANSACTION_TIMESTAMP()) AS ctime, datname, pid, usesysid, usename, application_name, client_addr, client_port, backend_start, xact_start, query_start, waiting, query , state, state_change FROM pg_stat_activity) TO STDOUT (FORMAT CSV, HEADER);",active,2015-05-06 17:32:46.947077+02
1430926366.94707,dbt2,55721,10,mark,psql,,-1,2015-05-06 17:32:46.944833+02,2015-05-06 17:32:46.947225+02,2015-05-06 17:32:46.947225+02,f,"COPY (SELECT EXTRACT(EPOCH FROM TRANSACTION_TIMESTAMP()) AS ctime, datname, numbackends, xact_commit, xact_rollback, blks_read, blks_hit, tup_returned, tup_fetched, tup_inserted, tup_updated, tup_deleted FROM pg_stat_database) TO STDOUT (FORMAT CSV, HEADER);",active,2015-05-06 17:32:46.947233+02
1430926366.94707,dbt2,55722,10,mark,psql,,-1,2015-05-06 17:32:46.944977+02,2015-05-06 17:32:46.947335+02,2015-05-06 17:32:46.947335+02,f,"COPY (SELECT EXTRACT(EPOCH FROM TRANSACTION_TIMESTAMP()) AS ctime, a.schemaname, a.relname, seq_scan, seq_tup_read, idx_scan, idx_tup_fetch, n_tup_ins, n_tup_upd, n_tup_del, n_tup_hot_upd, n_live_tup, n_dead_tup, heap_blks_read, heap_blks_hit, idx_blks_read, idx_blks_hit, toast_blks_read, toast_blks_hit, tidx_blks_read, tidx_blks_hit FROM pg_statio_all_tables a, pg_stat_all_tables b WHERE a.relid = b.relid) TO STDOUT (FORMAT CSV, HEADER);",active,2015-05-06 17:32:46.947343+02
1430926366.94707,dbt2,55723,10,mark,psql,,-1,2015-05-06 17:32:46.946004+02,2015-05-06 17:32:46.948357+02,2015-05-06 17:32:46.948357+02,f,"COPY (SELECT EXTRACT(EPOCH FROM TRANSACTION_TIMESTAMP()) AS ctime, a.schemaname, a.relname, a.indexrelname, idx_scan, idx_tup_read, idx_tup_fetch, idx_blks_read, idx_blks_hit FROM pg_stat_all_indexes a, pg_statio_all_indexes b WHERE a.indexrelid = b.indexrelid) TO STDOUT (FORMAT CSV, HEADER);",active,2015-05-06 17:32:46.948365+02
1430926426.95129,dbt2,55572,10,mark,dbt2-client,,-1,2015-05-06 17:32:45.657597+02,2015-05-06 17:33:46.949957+02,2015-05-06 17:33:46.950188+02,f,FETCH ALL IN mycursor,active,2015-05-06 17:33:46.950189+02
1430926426.95129,dbt2,55576,10,mark,dbt2-client,,-1,2015-05-06 17:32:45.757627+02,2015-05-06 17:33:46.952984+02,2015-05-06 17:33:46.953023+02,f,"DECLARE mycursor CURSOR FOR SELECT new_order(2, 5, 1976, 1, 11, make_new_order_info(73726, 2, 6), make_new_order_info(80896, 2, 1), make_new_order_info(65536, 2, 2), make_new_order_info(81883, 2, 10), make_new_order_info(57081, 2, 1), make_new_order_info(73074, 2, 5), make_new_order_info(20400, 2, 7), make_new_order_info(88484, 2, 10), make_new_order_info(64719, 2, 7), make_new_order_info(47836, 2, 6), make_new_order_info(14128, 2, 9), make_new_order_info(0, 0, 0), make_new_order_info(0, 0, 0), make_new_order_info(0, 0, 0), make_new_order_info(0, 0, 0) )",active,2015-05-06 17:33:46.953025+02
1430926426.95129,dbt2,55578,10,mark,dbt2-client,,-1,2015-05-06 17:32:45.85777+02,2015-05-06 17:33:46.952248+02,2015-05-06 17:33:46.952279+02,f,"SELECT delivery(2, 3)",active,2015-05-06 17:33:46.95228+02
1430926426.95129,dbt2,55580,10,mark,dbt2-client,,-1,2015-05-06 17:32:45.958003+02,2015-05-06 17:33:46.942333+02,2015-05-06 17:33:46.942359+02,f,"SELECT payment(1, 5, 0, 1, 5, 'ESEANTICALLY', 255.500000)",idle in transaction,2015-05-06 17:33:46.953084+02
1430926426.95129,dbt2,55582,10,mark,dbt2-client,,-1,2015-05-06 17:32:46.058051+02,2015-05-06 17:33:46.947542+02,2015-05-06 17:33:46.947574+02,t,"SELECT payment(1, 4, 0, 1, 4, 'OUGHTCALLYCALLY', 2701.880000)",active,2015-05-06 17:33:46.947575+02
1430926426.95129,dbt2,55584,10,mark,dbt2-client,,-1,2015-05-06 17:32:46.158192+02,2015-05-06 17:33:46.952039+02,2015-05-06 17:33:46.952253+02,f,FETCH ALL IN mycursor,active,2015-05-06 17:33:46.952253+02
1430926426.95129,dbt2,55586,10,mark,dbt2-client,,-1,2015-05-06 17:32:46.258353+02,2015-05-06 17:33:46.950719+02,2015-05-06 17:33:46.950759+02,t,"SELECT payment(1, 7, 0, 1, 7, 'PRIATIONPRI', 1675.930000)",active,2015-05-06 17:33:46.95076+02
1430926426.95129,dbt2,55588,10,mark,dbt2-client,,-1,2015-05-06 17:32:46.358514+02,2015-05-06 17:33:46.950009+02,2015-05-06 17:33:46.950051+02,f,"SELECT delivery(1, 4)",active,2015-05-06 17:33:46.950052+02
1430926426.95129,dbt2,55590,10,mark,dbt2-client,,-1,2015-05-06 17:32:46.458634+02,,2015-05-06 17:33:46.951972+02,f,COMMIT,idle,2015-05-06 17:33:46.951992+02
1430926426.95129,dbt2,55592,10,mark,dbt2-client,,-1,2015-05-06 17:32:46.558779+02,2015-05-06 17:33:46.951081+02,2015-05-06 17:33:46.951115+02,t,"SELECT payment(1, 9, 2932, 1, 9, '', 2037.120000)",active,2015-05-06 17:33:46.951116+02
1430926426.95129,dbt2,55594,10,mark,dbt2-client,,-1,2015-05-06 17:32:46.658961+02,2015-05-06 17:33:46.951856+02,2015-05-06 17:33:46.952053+02,f,FETCH ALL IN mycursor,active,2015-05-06 17:33:46.952054+02
1430926426.95129,dbt2,55655,10,mark,dbt2-client,,-1,2015-05-06 17:32:46.759003+02,2015-05-06 17:33:46.951229+02,2015-05-06 17:33:46.951269+02,t,"SELECT payment(1, 10, 544, 1, 10, '', 1360.280000)",active,2015-05-06 17:33:46.951269+02
1430926426.95129,dbt2,55725,10,mark,dbt2-client,,-1,2015-05-06 17:32:46.959227+02,2015-05-06 17:33:46.951352+02,2015-05-06 17:33:46.951391+02,t,"SELECT payment(2, 6, 727, 1, 10, '', 4100.890000)",active,2015-05-06 17:33:46.951392+02
1430926426.95129,dbt2,55688,10,mark,dbt2-client,,-1,2015-05-06 17:32:46.859136+02,,2015-05-06 17:33:46.952476+02,f,COMMIT,idle,2015-05-06 17:33:46.952639+02
1430926426.95129,dbt2,55729,10,mark,dbt2-client,,-1,2015-05-06 17:32:47.059357+02,2015-05-06 17:33:46.934898+02,2015-05-06 17:33:46.953095+02,f,COMMIT,active,2015-05-06 17:33:46.953096+02
1430926426.95129,dbt2,55733,10,mark,dbt2-client,,-1,2015-05-06 17:32:47.159566+02,2015-05-06 17:33:46.950661+02,2015-05-06 17:33:46.950696+02,f,"SELECT delivery(2, 8)",active,2015-05-06 17:33:46.950696+02
1430926426.95129,dbt2,55737,10,mark,dbt2-client,,-1,2015-05-06 17:32:47.259635+02,,2015-05-06 17:33:46.952344+02,f,COMMIT,idle,2015-05-06 17:33:46.952522+02
1430926426.95129,dbt2,55741,10,mark,dbt2-client,,-1,2015-05-06 17:32:47.359809+02,2015-05-06 17:33:46.951133+02,2015-05-06 17:33:46.95141+02,f,FETCH ALL IN mycursor,active,2015-05-06 17:33:46.951411+02
1430926426.95129,dbt2,55745,10,mark,dbt2-client,,-1,2015-05-06 17:32:47.459964+02,2015-05-06 17:33:46.951995+02,2015-05-06 17:33:46.952033+02,t,"SELECT payment(2, 3, 0, 2, 3, 'ESECALLYPRI', 662.970000)",active,2015-05-06 17:33:46.952034+02
1430926426.95129,dbt2,55749,10,mark,dbt2-client,,-1,2015-05-06 17:32:47.560087+02,2015-05-06 17:33:46.95271+02,2015-05-06 17:33:46.952748+02,t,"SELECT payment(2, 2, 508, 1, 7, '', 1378.770000)",active,2015-05-06 17:33:46.952749+02
1430926426.95129,dbt2,55785,10,mark,psql,,-1,2015-05-06 17:33:46.946488+02,2015-05-06 17:33:46.952124+02,2015-05-06 17:33:46.952124+02,f,"COPY (SELECT EXTRACT(EPOCH FROM TRANSACTION_TIMESTAMP()) AS ctime, relname, pid, mode, granted FROM pg_locks, pg_class WHERE relfilenode = relation ORDER BY relname) TO STDOUT (FORMAT CSV);",active,2015-05-06 17:33:46.952129+02
1430926426.95129,dbt2,55786,10,mark,psql,,-1,2015-05-06 17:33:46.946607+02,2015-05-06 17:33:46.951294+02,2015-05-06 17:33:46.951294+02,f,"COPY (SELECT EXTRACT(EPOCH FROM TRANSACTION_TIMESTAMP()) AS ctime, datname, pid, usesysid, usename, application_name, client_addr, client_port, backend_start, xact_start, query_start, waiting, query , state, state_change FROM pg_stat_activity) TO STDOUT (FORMAT CSV);",active,2015-05-06 17:33:46.951299+02
1430926426.95129,dbt2,55787,10,mark,psql,,-1,2015-05-06 17:33:46.946724+02,2015-05-06 17:33:46.95141+02,2015-05-06 17:33:46.95141+02,f,"COPY (SELECT EXTRACT(EPOCH FROM TRANSACTION_TIMESTAMP()) AS ctime, a.schemaname, a.relname, seq_scan, seq_tup_read, idx_scan, idx_tup_fetch, n_tup_ins, n_tup_upd, n_tup_del, n_tup_hot_upd, n_live_tup, n_dead_tup, heap_blks_read, heap_blks_hit, idx_blks_read, idx_blks_hit, toast_blks_read, toast_blks_hit, tidx_blks_read, tidx_blks_hit FROM pg_statio_all_tables a, pg_stat_all_tables b WHERE a.relid = b.relid) TO STDOUT (FORMAT CSV);",active,2015-05-06 17:33:46.951416+02
1430926426.95129,dbt2,55788,10,mark,psql,,-1,2015-05-06 17:33:46.946857+02,,,f,"",idle,2015-05-06 17:33:46.951102+02
1430926426.95129,dbt2,55789,10,mark,psql,,-1,2015-05-06 17:33:46.947361+02,2015-05-06 17:33:46.951751+02,2015-05-06 17:33:46.951751+02,f,"COPY (SELECT EXTRACT(EPOCH FROM TRANSACTION_TIMESTAMP()) AS ctime, datname, numbackends, xact_commit, xact_rollback, blks_read, blks_hit, tup_returned, tup_fetched, tup_inserted, tup_updated, tup_deleted FROM pg_stat_database) TO STDOUT (FORMAT CSV);",active,2015-05-06 17:33:46.951756+02
1430926486.95244,dbt2,55572,10,mark,dbt2-client,,-1,2015-05-06 17:32:45.657597+02,2015-05-06 17:34:46.947418+02,2015-05-06 17:34:46.94748+02,t,"SELECT payment(1, 10, 0, 1, 10, 'EINGEINGBAR', 4098.270000)",active,2015-05-06 17:34:46.947481+02
1430926486.95244,dbt2,55576,10,mark,dbt2-client,,-1,2015-05-06 17:32:45.757627+02,2015-05-06 17:34:46.95404+02,2015-05-06 17:34:46.95404+02,f,BEGIN,idle in transaction,2015-05-06 17:34:46.954059+02
1430926486.95244,dbt2,55578,10,mark,dbt2-client,,-1,2015-05-06 17:32:45.85777+02,2015-05-06 17:34:46.95226+02,2015-05-06 17:34:46.952316+02,t,"SELECT payment(2, 6, 666, 2, 6, '', 910.880000)",active,2015-05-06 17:34:46.952317+02
1430926486.95244,dbt2,55580,10,mark,dbt2-client,,-1,2015-05-06 17:32:45.958003+02,2015-05-06 17:34:46.953247+02,2015-05-06 17:34:46.953581+02,t,FETCH ALL IN mycursor,active,2015-05-06 17:34:46.953582+02
1430926486.95244,dbt2,55582,10,mark,dbt2-client,,-1,2015-05-06 17:32:46.058051+02,2015-05-06 17:34:46.949025+02,2015-05-06 17:34:46.949393+02,f,FETCH ALL IN mycursor,active,2015-05-06 17:34:46.949395+02
1430926486.95244,dbt2,55584,10,mark,dbt2-client,,-1,2015-05-06 17:32:46.158192+02,2015-05-06 17:34:46.949104+02,2015-05-06 17:34:46.949182+02,t,"SELECT payment(1, 7, 732, 1, 7, '', 1814.060000)",active,2015-05-06 17:34:46.949184+02
1430926486.95244,dbt2,55586,10,mark,dbt2-client,,-1,2015-05-06 17:32:46.258353+02,2015-05-06 17:34:46.950762+02,2015-05-06 17:34:46.950831+02,t,"SELECT payment(2, 2, 0, 2, 2, 'CALLYANTICALLY', 4567.420000)",active,2015-05-06 17:34:46.950832+02
1430926486.95244,dbt2,55588,10,mark,dbt2-client,,-1,2015-05-06 17:32:46.358514+02,2015-05-06 17:34:46.931853+02,2015-05-06 17:34:46.931918+02,t,"SELECT payment(1, 9, 0, 1, 9, 'ABLEPRESCALLY', 2552.890000)",active,2015-05-06 17:34:46.931919+02
1430926486.95244,dbt2,55590,10,mark,dbt2-client,,-1,2015-05-06 17:32:46.458634+02,2015-05-06 17:34:46.953372+02,2015-05-06 17:34:46.953721+02,f,FETCH ALL IN mycursor,active,2015-05-06 17:34:46.953722+02
1430926486.95244,dbt2,55592,10,mark,dbt2-client,,-1,2015-05-06 17:32:46.558779+02,,2015-05-06 17:34:46.954529+02,f,COMMIT,idle,2015-05-06 17:34:46.954722+02
1430926486.95244,dbt2,55594,10,mark,dbt2-client,,-1,2015-05-06 17:32:46.658961+02,2015-05-06 17:34:46.94989+02,2015-05-06 17:34:46.949968+02,t,"SELECT payment(2, 8, 0, 2, 8, 'BARBARCALLY', 3638.240000)",active,2015-05-06 17:34:46.94997+02
1430926486.95244,dbt2,55655,10,mark,dbt2-client,,-1,2015-05-06 17:32:46.759003+02,2015-05-06 17:34:46.953481+02,2015-05-06 17:34:46.953839+02,t,FETCH ALL IN mycursor,active,2015-05-06 17:34:46.95384+02
1430926486.95244,dbt2,55725,10,mark,dbt2-client,,-1,2015-05-06 17:32:46.959227+02,2015-05-06 17:34:46.927996+02,2015-05-06 17:34:46.928066+02,t,"SELECT payment(1, 6, 888, 1, 6, '', 4461.780000)",active,2015-05-06 17:34:46.928067+02
1430926486.95244,dbt2,55688,10,mark,dbt2-client,,-1,2015-05-06 17:32:46.859136+02,,2015-05-06 17:34:46.954374+02,f,COMMIT,idle,2015-05-06 17:34:46.954569+02
1430926486.95244,dbt2,55729,10,mark,dbt2-client,,-1,2015-05-06 17:32:47.059357+02,2015-05-06 17:34:46.951359+02,2015-05-06 17:34:46.951417+02,t,"SELECT payment(1, 3, 0, 1, 3, 'ESEOUGHTOUGHT', 3280.520000)",active,2015-05-06 17:34:46.951419+02
1430926486.95244,dbt2,55733,10,mark,dbt2-client,,-1,2015-05-06 17:32:47.159566+02,2015-05-06 17:34:46.942736+02,2015-05-06 17:34:46.942792+02,t,"SELECT payment(1, 2, 1120, 1, 2, '', 841.330000)",active,2015-05-06 17:34:46.942793+02
1430926486.95244,dbt2,55737,10,mark,dbt2-client,,-1,2015-05-06 17:32:47.259635+02,2015-05-06 17:34:46.95479+02,2015-05-06 17:34:46.954861+02,f,"DECLARE mycursor CURSOR FOR SELECT new_order(2, 10, 2904, 1, 10, make_new_order_info(32630, 2, 5), make_new_order_info(32704, 2, 9), make_new_order_info(53695, 2, 10), make_new_order_info(6554, 2, 2), make_new_order_info(98256, 2, 4), make_new_order_info(87036, 2, 9), make_new_order_info(56292, 2, 1), make_new_order_info(28504, 2, 10), make_new_order_info(78840, 2, 2), make_new_order_info(6619, 2, 7), make_new_order_info(0, 0, 0), make_new_order_info(0, 0, 0), make_new_order_info(0, 0, 0), make_new_order_info(0, 0, 0), make_new_order_info(0, 0, 0) )",active,2015-05-06 17:34:46.954863+02
1430926486.95244,dbt2,55741,10,mark,dbt2-client,,-1,2015-05-06 17:32:47.359809+02,2015-05-06 17:34:46.953739+02,2015-05-06 17:34:46.954101+02,f,FETCH ALL IN mycursor,active,2015-05-06 17:34:46.954102+02
1430926486.95244,dbt2,55745,10,mark,dbt2-client,,-1,2015-05-06 17:32:47.459964+02,2015-05-06 17:34:46.949316+02,2015-05-06 17:34:46.949374+02,t,"SELECT payment(2, 8, 2048, 2, 8, '', 173.250000)",active,2015-05-06 17:34:46.949376+02
1430926486.95244,dbt2,55749,10,mark,dbt2-client,,-1,2015-05-06 17:32:47.560087+02,2015-05-06 17:34:46.951547+02,2015-05-06 17:34:46.951843+02,f,FETCH ALL IN mycursor,active,2015-05-06 17:34:46.951844+02
1430926486.95244,dbt2,55801,10,mark,psql,,-1,2015-05-06 17:34:46.948966+02,2015-05-06 17:34:46.951941+02,2015-05-06 17:34:46.951941+02,f,"COPY (SELECT EXTRACT(EPOCH FROM TRANSACTION_TIMESTAMP()) AS ctime, relname, pid, mode, granted FROM pg_locks, pg_class WHERE relfilenode = relation ORDER BY relname) TO STDOUT (FORMAT CSV);",active,2015-05-06 17:34:46.951948+02
1430926486.95244,dbt2,55802,10,mark,psql,,-1,2015-05-06 17:34:46.94915+02,2015-05-06 17:34:46.95192+02,2015-05-06 17:34:46.95192+02,f,"COPY (SELECT EXTRACT(EPOCH FROM TRANSACTION_TIMESTAMP()) AS ctime, a.schemaname, a.relname, seq_scan, seq_tup_read, idx_scan, idx_tup_fetch, n_tup_ins, n_tup_upd, n_tup_del, n_tup_hot_upd, n_live_tup, n_dead_tup, heap_blks_read, heap_blks_hit, idx_blks_read, idx_blks_hit, toast_blks_read, toast_blks_hit, tidx_blks_read, tidx_blks_hit FROM pg_statio_all_tables a, pg_stat_all_tables b WHERE a.relid = b.relid) TO STDOUT (FORMAT CSV);",active,2015-05-06 17:34:46.951928+02
1430926486.95244,dbt2,55803,10,mark,psql,,-1,2015-05-06 17:34:46.949277+02,2015-05-06 17:34:46.952435+02,2015-05-06 17:34:46.952435+02,f,"COPY (SELECT EXTRACT(EPOCH FROM TRANSACTION_TIMESTAMP()) AS ctime, datname, pid, usesysid, usename, application_name, client_addr, client_port, backend_start, xact_start, query_start, waiting, query , state, state_change FROM pg_stat_activity) TO STDOUT (FORMAT CSV);",active,2015-05-06 17:34:46.952443+02
1430926486.95244,dbt2,55804,10,mark,psql,,-1,2015-05-06 17:34:46.949406+02,2015-05-06 17:34:46.952159+02,2015-05-06 17:34:46.952159+02,f,"COPY (SELECT EXTRACT(EPOCH FROM TRANSACTION_TIMESTAMP()) AS ctime, datname, numbackends, xact_commit, xact_rollback, blks_read, blks_hit, tup_returned, tup_fetched, tup_inserted, tup_updated, tup_deleted FROM pg_stat_database) TO STDOUT (FORMAT CSV);",active,2015-05-06 17:34:46.952165+02
1430926486.95244,dbt2,55805,10,mark,psql,,-1,2015-05-06 17:34:46.950043+02,2015-05-06 17:34:46.953027+02,2015-05-06 17:34:46.953027+02,f,"COPY (SELECT EXTRACT(EPOCH FROM TRANSACTION_TIMESTAMP()) AS ctime, a.schemaname, a.relname, a.indexrelname, idx_scan, idx_tup_read, idx_tup_fetch, idx_blks_read, idx_blks_hit FROM pg_stat_all_indexes a, pg_statio_all_indexes b WHERE a.indexrelid = b.indexrelid) TO STDOUT (FORMAT CSV);",active,2015-05-06 17:34:46.953035+02
1430926546.95884,dbt2,55572,10,mark,dbt2-client,,-1,2015-05-06 17:32:45.657597+02,2015-05-06 17:35:46.958857+02,2015-05-06 17:35:46.958925+02,t,"SELECT payment(1, 5, 0, 1, 5, 'ANTIPRIBAR', 4488.130000)",active,2015-05-06 17:35:46.958926+02
1430926546.95884,dbt2,55576,10,mark,dbt2-client,,-1,2015-05-06 17:32:45.757627+02,2015-05-06 17:35:46.959604+02,2015-05-06 17:35:46.959653+02,t,"SELECT payment(1, 4, 0, 1, 4, 'ATIONABLEATION', 4222.850000)",active,2015-05-06 17:35:46.959654+02
1430926546.95884,dbt2,55578,10,mark,dbt2-client,,-1,2015-05-06 17:32:45.85777+02,2015-05-06 17:35:46.957913+02,2015-05-06 17:35:46.958293+02,f,FETCH ALL IN mycursor,active,2015-05-06 17:35:46.958295+02
1430926546.95884,dbt2,55580,10,mark,dbt2-client,,-1,2015-05-06 17:32:45.958003+02,2015-05-06 17:35:46.960434+02,2015-05-06 17:35:46.960511+02,t,"SELECT payment(2, 10, 0, 2, 10, 'BARBARESE', 2338.130000)",active,2015-05-06 17:35:46.960513+02
1430926546.95884,dbt2,55582,10,mark,dbt2-client,,-1,2015-05-06 17:32:46.058051+02,2015-05-06 17:35:46.960644+02,2015-05-06 17:35:46.960703+02,t,"SELECT payment(1, 9, 0, 1, 9, 'ABLEESEPRES', 4149.310000)",active,2015-05-06 17:35:46.960705+02
1430926546.95884,dbt2,55584,10,mark,dbt2-client,,-1,2015-05-06 17:32:46.158192+02,2015-05-06 17:35:46.959498+02,2015-05-06 17:35:46.959907+02,f,FETCH ALL IN mycursor,active,2015-05-06 17:35:46.959908+02
1430926546.95884,dbt2,55586,10,mark,dbt2-client,,-1,2015-05-06 17:32:46.258353+02,2015-05-06 17:35:46.959496+02,2015-05-06 17:35:46.959585+02,t,"SELECT payment(2, 3, 768, 2, 3, '', 1626.600000)",active,2015-05-06 17:35:46.959586+02
1430926546.95884,dbt2,55588,10,mark,dbt2-client,,-1,2015-05-06 17:32:46.358514+02,2015-05-06 17:35:46.957928+02,2015-05-06 17:35:46.957985+02,t,"SELECT payment(1, 3, 2391, 1, 9, '', 1342.820000)",active,2015-05-06 17:35:46.957986+02
1430926546.95884,dbt2,55590,10,mark,dbt2-client,,-1,2015-05-06 17:32:46.458634+02,2015-05-06 17:35:46.948985+02,2015-05-06 17:35:46.949053+02,t,"SELECT payment(1, 10, 2998, 1, 10, '', 1799.090000)",active,2015-05-06 17:35:46.949055+02
1430926546.95884,dbt2,55592,10,mark,dbt2-client,,-1,2015-05-06 17:32:46.558779+02,2015-05-06 17:35:46.94143+02,2015-05-06 17:35:46.941494+02,t,"SELECT payment(1, 6, 0, 1, 6, 'BARBARCALLY', 382.760000)",active,2015-05-06 17:35:46.941495+02
1430926546.95884,dbt2,55594,10,mark,dbt2-client,,-1,2015-05-06 17:32:46.658961+02,2015-05-06 17:35:46.954469+02,2015-05-06 17:35:46.954561+02,t,"SELECT payment(1, 7, 0, 1, 10, 'CALLYANTIPRI', 2398.660000)",active,2015-05-06 17:35:46.954562+02
1430926546.95884,dbt2,55655,10,mark,dbt2-client,,-1,2015-05-06 17:32:46.759003+02,2015-05-06 17:35:46.953511+02,2015-05-06 17:35:46.953584+02,t,"SELECT payment(2, 8, 0, 2, 8, 'ABLEBARESE', 3515.450000)",active,2015-05-06 17:35:46.953585+02
1430926546.95884,dbt2,55725,10,mark,dbt2-client,,-1,2015-05-06 17:32:46.959227+02,2015-05-06 17:35:46.956609+02,2015-05-06 17:35:46.956696+02,f,"SELECT payment(2, 9, 0, 2, 9, 'ESEBARANTI', 4164.940000)",active,2015-05-06 17:35:46.956698+02
1430926546.95884,dbt2,55688,10,mark,dbt2-client,,-1,2015-05-06 17:32:46.859136+02,2015-05-06 17:35:46.955977+02,2015-05-06 17:35:46.956042+02,t,"SELECT payment(1, 6, 2176, 1, 9, '', 1255.060000)",active,2015-05-06 17:35:46.956043+02
1430926546.95884,dbt2,55729,10,mark,dbt2-client,,-1,2015-05-06 17:32:47.059357+02,2015-05-06 17:35:46.951655+02,2015-05-06 17:35:46.95173+02,t,"SELECT payment(2, 4, 0, 2, 4, 'ABLEBARANTI', 2662.060000)",active,2015-05-06 17:35:46.951732+02
1430926546.95884,dbt2,55733,10,mark,dbt2-client,,-1,2015-05-06 17:32:47.159566+02,2015-05-06 17:35:46.945341+02,2015-05-06 17:35:46.94542+02,t,"SELECT payment(2, 8, 0, 2, 8, 'ATIONEINGESE', 1041.170000)",active,2015-05-06 17:35:46.945421+02
1430926546.95884,dbt2,55737,10,mark,dbt2-client,,-1,2015-05-06 17:32:47.259635+02,2015-05-06 17:35:46.953043+02,2015-05-06 17:35:46.953108+02,t,"SELECT payment(1, 3, 960, 1, 7, '', 4927.490000)",active,2015-05-06 17:35:46.95311+02
1430926546.95884,dbt2,55741,10,mark,dbt2-client,,-1,2015-05-06 17:32:47.359809+02,2015-05-06 17:35:46.959819+02,2015-05-06 17:35:46.959896+02,t,"SELECT payment(2, 4, 0, 2, 4, 'ABLEABLEABLE', 1250.300000)",active,2015-05-06 17:35:46.959898+02
1430926546.95884,dbt2,55745,10,mark,dbt2-client,,-1,2015-05-06 17:32:47.459964+02,,2015-05-06 17:35:46.960999+02,f,COMMIT,idle,2015-05-06 17:35:46.96125+02
1430926546.95884,dbt2,55749,10,mark,dbt2-client,,-1,2015-05-06 17:32:47.560087+02,2015-05-06 17:35:46.951518+02,2015-05-06 17:35:46.951977+02,f,"SELECT payment(2, 2, 0, 2, 2, 'PRESCALLYEING', 2328.410000)",active,2015-05-06 17:35:46.951979+02
1430926546.95884,dbt2,55814,10,mark,psql,,-1,2015-05-06 17:35:46.951646+02,2015-05-06 17:35:46.958279+02,2015-05-06 17:35:46.958279+02,f,"COPY (SELECT EXTRACT(EPOCH FROM TRANSACTION_TIMESTAMP()) AS ctime, relname, pid, mode, granted FROM pg_locks, pg_class WHERE relfilenode = relation ORDER BY relname) TO STDOUT (FORMAT CSV);",active,2015-05-06 17:35:46.958287+02
1430926546.95884,dbt2,55815,10,mark,psql,,-1,2015-05-06 17:35:46.951752+02,2015-05-06 17:35:46.959161+02,2015-05-06 17:35:46.959161+02,f,"COPY (SELECT EXTRACT(EPOCH FROM TRANSACTION_TIMESTAMP()) AS ctime, datname, numbackends, xact_commit, xact_rollback, blks_read, blks_hit, tup_returned, tup_fetched, tup_inserted, tup_updated, tup_deleted FROM pg_stat_database) TO STDOUT (FORMAT CSV);",active,2015-05-06 17:35:46.959167+02
1430926546.95884,dbt2,55816,10,mark,psql,,-1,2015-05-06 17:35:46.951886+02,2015-05-06 17:35:46.958839+02,2015-05-06 17:35:46.958839+02,f,"COPY (SELECT EXTRACT(EPOCH FROM TRANSACTION_TIMESTAMP()) AS ctime, datname, pid, usesysid, usename, application_name, client_addr, client_port, backend_start, xact_start, query_start, waiting, query , state, state_change FROM pg_stat_activity) TO STDOUT (FORMAT CSV);",active,2015-05-06 17:35:46.958846+02
1430926546.95884,dbt2,55817,10,mark,psql,,-1,2015-05-06 17:35:46.952185+02,2015-05-06 17:35:46.960058+02,2015-05-06 17:35:46.960058+02,f,"COPY (SELECT EXTRACT(EPOCH FROM TRANSACTION_TIMESTAMP()) AS ctime, a.schemaname, a.relname, a.indexrelname, idx_scan, idx_tup_read, idx_tup_fetch, idx_blks_read, idx_blks_hit FROM pg_stat_all_indexes a, pg_statio_all_indexes b WHERE a.indexrelid = b.indexrelid) TO STDOUT (FORMAT CSV);",active,2015-05-06 17:35:46.960066+02
1430926546.95884,dbt2,55818,10,mark,psql,,-1,2015-05-06 17:35:46.952604+02,2015-05-06 17:35:46.96093+02,2015-05-06 17:35:46.96093+02,f,"COPY (SELECT EXTRACT(EPOCH FROM TRANSACTION_TIMESTAMP()) AS ctime, a.schemaname, a.relname, seq_scan, seq_tup_read, idx_scan, idx_tup_fetch, n_tup_ins, n_tup_upd, n_tup_del, n_tup_hot_upd, n_live_tup, n_dead_tup, heap_blks_read, heap_blks_hit, idx_blks_read, idx_blks_hit, toast_blks_read, toast_blks_hit, tidx_blks_read, tidx_blks_hit FROM pg_statio_all_tables a, pg_stat_all_tables b WHERE a.relid = b.relid) TO STDOUT (FORMAT CSV);",active,2015-05-06 17:35:46.960937+02
1430926606.95813,dbt2,55572,10,mark,dbt2-client,,-1,2015-05-06 17:32:45.657597+02,2015-05-06 17:36:46.946638+02,2015-05-06 17:36:46.946735+02,t,"SELECT payment(1, 9, 0, 1, 9, 'ESEOUGHTBAR', 3500.770000)",active,2015-05-06 17:36:46.946736+02
1430926606.95813,dbt2,55576,10,mark,dbt2-client,,-1,2015-05-06 17:32:45.757627+02,2015-05-06 17:36:46.932169+02,2015-05-06 17:36:46.932261+02,t,"SELECT payment(1, 9, 0, 1, 9, 'ABLEESEESE', 790.790000)",active,2015-05-06 17:36:46.932263+02
1430926606.95813,dbt2,55578,10,mark,dbt2-client,,-1,2015-05-06 17:32:45.85777+02,2015-05-06 17:36:46.95914+02,2015-05-06 17:36:46.95953+02,f,FETCH ALL IN mycursor,active,2015-05-06 17:36:46.959532+02
1430926606.95813,dbt2,55580,10,mark,dbt2-client,,-1,2015-05-06 17:32:45.958003+02,2015-05-06 17:36:46.960007+02,2015-05-06 17:36:46.961338+02,f,COMMIT,active,2015-05-06 17:36:46.961339+02
1430926606.95813,dbt2,55582,10,mark,dbt2-client,,-1,2015-05-06 17:32:46.058051+02,2015-05-06 17:36:46.952187+02,2015-05-06 17:36:46.952248+02,t,"SELECT payment(2, 2, 0, 2, 2, 'BARBARESE', 4363.600000)",active,2015-05-06 17:36:46.95225+02
1430926606.95813,dbt2,55584,10,mark,dbt2-client,,-1,2015-05-06 17:32:46.158192+02,2015-05-06 17:36:46.960073+02,2015-05-06 17:36:46.960153+02,t,"SELECT payment(2, 8, 0, 2, 8, 'PRICALLYESE', 1347.670000)",active,2015-05-06 17:36:46.960154+02
1430926606.95813,dbt2,55586,10,mark,dbt2-client,,-1,2015-05-06 17:32:46.258353+02,2015-05-06 17:36:46.959831+02,2015-05-06 17:36:46.960238+02,f,FETCH ALL IN mycursor,active,2015-05-06 17:36:46.96024+02
1430926606.95813,dbt2,55588,10,mark,dbt2-client,,-1,2015-05-06 17:32:46.358514+02,,2015-05-06 17:36:46.959869+02,f,COMMIT,idle,2015-05-06 17:36:46.9599+02
1430926606.95813,dbt2,55590,10,mark,dbt2-client,,-1,2015-05-06 17:32:46.458634+02,2015-05-06 17:36:46.959292+02,2015-05-06 17:36:46.959383+02,t,"SELECT payment(2, 2, 0, 2, 2, 'BARBARCALLY', 2548.990000)",active,2015-05-06 17:36:46.959385+02
1430926606.95813,dbt2,55592,10,mark,dbt2-client,,-1,2015-05-06 17:32:46.558779+02,2015-05-06 17:36:46.960646+02,2015-05-06 17:36:46.961066+02,f,FETCH ALL IN mycursor,active,2015-05-06 17:36:46.961067+02
1430926606.95813,dbt2,55594,10,mark,dbt2-client,,-1,2015-05-06 17:32:46.658961+02,2015-05-06 17:36:46.954457+02,2015-05-06 17:36:46.954569+02,t,"SELECT payment(2, 4, 0, 2, 4, 'EINGCALLYESE', 4105.510000)",active,2015-05-06 17:36:46.95457+02
1430926606.95813,dbt2,55655,10,mark,dbt2-client,,-1,2015-05-06 17:32:46.759003+02,2015-05-06 17:36:46.95533+02,2015-05-06 17:36:46.955402+02,t,"SELECT payment(1, 2, 184, 1, 2, '', 1615.190000)",active,2015-05-06 17:36:46.955403+02
1430926606.95813,dbt2,55725,10,mark,dbt2-client,,-1,2015-05-06 17:32:46.959227+02,2015-05-06 17:36:46.959606+02,2015-05-06 17:36:46.959678+02,t,"SELECT payment(2, 5, 0, 2, 5, 'ANTIATIONANTI', 1517.400000)",active,2015-05-06 17:36:46.95968+02
1430926606.95813,dbt2,55688,10,mark,dbt2-client,,-1,2015-05-06 17:32:46.859136+02,2015-05-06 17:36:46.955016+02,2015-05-06 17:36:46.955088+02,t,"SELECT payment(1, 4, 1440, 1, 4, '', 696.700000)",active,2015-05-06 17:36:46.955089+02
1430926606.95813,dbt2,55729,10,mark,dbt2-client,,-1,2015-05-06 17:32:47.059357+02,2015-05-06 17:36:46.954483+02,2015-05-06 17:36:46.95457+02,t,"SELECT payment(2, 6, 896, 2, 6, '', 3594.830000)",active,2015-05-06 17:36:46.954572+02
1430926606.95813,dbt2,55733,10,mark,dbt2-client,,-1,2015-05-06 17:32:47.159566+02,2015-05-06 17:36:46.9399+02,2015-05-06 17:36:46.939994+02,f,"SELECT payment(1, 1, 71, 1, 10, '', 690.690000)",active,2015-05-06 17:36:46.939996+02
1430926606.95813,dbt2,55737,10,mark,dbt2-client,,-1,2015-05-06 17:32:47.259635+02,2015-05-06 17:36:46.96051+02,2015-05-06 17:36:46.960952+02,f,FETCH ALL IN mycursor,active,2015-05-06 17:36:46.960954+02
1430926606.95813,dbt2,55741,10,mark,dbt2-client,,-1,2015-05-06 17:32:47.359809+02,,2015-05-06 17:36:46.96065+02,f,COMMIT,idle,2015-05-06 17:36:46.960916+02
1430926606.95813,dbt2,55745,10,mark,dbt2-client,,-1,2015-05-06 17:32:47.459964+02,,2015-05-06 17:36:46.960522+02,f,COMMIT,idle,2015-05-06 17:36:46.960721+02
1430926606.95813,dbt2,55749,10,mark,dbt2-client,,-1,2015-05-06 17:32:47.560087+02,2015-05-06 17:36:46.958915+02,2015-05-06 17:36:46.958985+02,t,"SELECT payment(1, 3, 1760, 1, 3, '', 3608.730000)",active,2015-05-06 17:36:46.958987+02
1430926606.95813,dbt2,55819,10,mark,"",,,2015-05-06 17:36:05.889303+02,2015-05-06 17:36:43.459359+02,2015-05-06 17:36:43.459359+02,f,autovacuum: VACUUM ANALYZE public.customer,active,2015-05-06 17:36:43.45936+02
1430926606.95813,dbt2,55827,10,mark,psql,,-1,2015-05-06 17:36:46.955025+02,2015-05-06 17:36:46.958167+02,2015-05-06 17:36:46.958167+02,f,"COPY (SELECT EXTRACT(EPOCH FROM TRANSACTION_TIMESTAMP()) AS ctime, relname, pid, mode, granted FROM pg_locks, pg_class WHERE relfilenode = relation ORDER BY relname) TO STDOUT (FORMAT CSV);",active,2015-05-06 17:36:46.958176+02
1430926606.95813,dbt2,55828,10,mark,psql,,-1,2015-05-06 17:36:46.955195+02,2015-05-06 17:36:46.958132+02,2015-05-06 17:36:46.958132+02,f,"COPY (SELECT EXTRACT(EPOCH FROM TRANSACTION_TIMESTAMP()) AS ctime, datname, pid, usesysid, usename, application_name, client_addr, client_port, backend_start, xact_start, query_start, waiting, query , state, state_change FROM pg_stat_activity) TO STDOUT (FORMAT CSV);",active,2015-05-06 17:36:46.958139+02
1430926606.95813,dbt2,55829,10,mark,psql,,-1,2015-05-06 17:36:46.955383+02,2015-05-06 17:36:46.958887+02,2015-05-06 17:36:46.958887+02,f,"COPY (SELECT EXTRACT(EPOCH FROM TRANSACTION_TIMESTAMP()) AS ctime, datname, numbackends, xact_commit, xact_rollback, blks_read, blks_hit, tup_returned, tup_fetched, tup_inserted, tup_updated, tup_deleted FROM pg_stat_database) TO STDOUT (FORMAT CSV);",active,2015-05-06 17:36:46.958896+02
1430926606.95813,dbt2,55830,10,mark,psql,,-1,2015-05-06 17:36:46.955577+02,,,f,"",idle,2015-05-06 17:36:46.958723+02
1430926606.95813,dbt2,55831,10,mark,psql,,-1,2015-05-06 17:36:46.955744+02,2015-05-06 17:36:46.959919+02,2015-05-06 17:36:46.959919+02,f,"COPY (SELECT EXTRACT(EPOCH FROM TRANSACTION_TIMESTAMP()) AS ctime, a.schemaname, a.relname, a.indexrelname, idx_scan, idx_tup_read, idx_tup_fetch, idx_blks_read, idx_blks_hit FROM pg_stat_all_indexes a, pg_statio_all_indexes b WHERE a.indexrelid = b.indexrelid) TO STDOUT (FORMAT CSV);",active,2015-05-06 17:36:46.959928+02
1430926666.96097,dbt2,55572,10,mark,dbt2-client,,-1,2015-05-06 17:32:45.657597+02,2015-05-06 17:37:46.960722+02,2015-05-06 17:37:46.960785+02,t,"SELECT payment(2, 10, 2048, 2, 10, '', 3002.850000)",active,2015-05-06 17:37:46.960787+02
1430926666.96097,dbt2,55576,10,mark,dbt2-client,,-1,2015-05-06 17:32:45.757627+02,2015-05-06 17:37:46.96375+02,2015-05-06 17:37:46.963834+02,f,"SELECT payment(1, 1, 0, 1, 1, 'ATIONEINGESE', 1924.070000)",active,2015-05-06 17:37:46.963836+02
1430926666.96097,dbt2,55578,10,mark,dbt2-client,,-1,2015-05-06 17:32:45.85777+02,2015-05-06 17:37:46.956422+02,2015-05-06 17:37:46.956488+02,t,"SELECT payment(1, 1, 0, 1, 1, 'ABLEABLEPRI', 2619.690000)",active,2015-05-06 17:37:46.956489+02
1430926666.96097,dbt2,55580,10,mark,dbt2-client,,-1,2015-05-06 17:32:45.958003+02,2015-05-06 17:37:46.954362+02,2015-05-06 17:37:46.95477+02,t,FETCH ALL IN mycursor,active,2015-05-06 17:37:46.954772+02
1430926666.96097,dbt2,55582,10,mark,dbt2-client,,-1,2015-05-06 17:32:46.058051+02,2015-05-06 17:37:46.949338+02,2015-05-06 17:37:46.949637+02,f,FETCH ALL IN mycursor,active,2015-05-06 17:37:46.949638+02
1430926666.96097,dbt2,55584,10,mark,dbt2-client,,-1,2015-05-06 17:32:46.158192+02,2015-05-06 17:37:46.963147+02,2015-05-06 17:37:46.963211+02,t,"SELECT payment(1, 4, 0, 1, 4, 'EINGESEESE', 974.910000)",active,2015-05-06 17:37:46.963212+02
1430926666.96097,dbt2,55586,10,mark,dbt2-client,,-1,2015-05-06 17:32:46.258353+02,2015-05-06 17:37:46.957129+02,2015-05-06 17:37:46.957184+02,t,"SELECT payment(1, 5, 512, 1, 5, '', 42.360000)",active,2015-05-06 17:37:46.957185+02
1430926666.96097,dbt2,55588,10,mark,dbt2-client,,-1,2015-05-06 17:32:46.358514+02,2015-05-06 17:37:46.962689+02,2015-05-06 17:37:46.962765+02,t,"SELECT payment(2, 10, 0, 2, 10, 'OUGHTEINGOUGHT', 4386.850000)",active,2015-05-06 17:37:46.962766+02
1430926666.96097,dbt2,55590,10,mark,dbt2-client,,-1,2015-05-06 17:32:46.458634+02,2015-05-06 17:37:46.963746+02,2015-05-06 17:37:46.963807+02,f,"SELECT payment(2, 7, 0, 2, 7, 'EINGESEATION', 1893.660000)",active,2015-05-06 17:37:46.963808+02
1430926666.96097,dbt2,55592,10,mark,dbt2-client,,-1,2015-05-06 17:32:46.558779+02,2015-05-06 17:37:46.956739+02,2015-05-06 17:37:46.956815+02,f,"SELECT payment(2, 2, 0, 2, 2, 'OUGHTCALLYEING', 2374.070000)",active,2015-05-06 17:37:46.956816+02
1430926666.96097,dbt2,55594,10,mark,dbt2-client,,-1,2015-05-06 17:32:46.658961+02,2015-05-06 17:37:46.942683+02,2015-05-06 17:37:46.942744+02,t,"SELECT payment(1, 3, 0, 1, 3, 'ESECALLYPRES', 1838.180000)",active,2015-05-06 17:37:46.942745+02
1430926666.96097,dbt2,55655,10,mark,dbt2-client,,-1,2015-05-06 17:32:46.759003+02,2015-05-06 17:37:46.962341+02,2015-05-06 17:37:46.9624+02,t,"SELECT payment(2, 4, 0, 2, 4, 'OUGHTPRIESE', 3155.560000)",active,2015-05-06 17:37:46.962401+02
1430926666.96097,dbt2,55725,10,mark,dbt2-client,,-1,2015-05-06 17:32:46.959227+02,2015-05-06 17:37:46.962478+02,2015-05-06 17:37:46.962832+02,f,FETCH ALL IN mycursor,active,2015-05-06 17:37:46.962833+02
1430926666.96097,dbt2,55688,10,mark,dbt2-client,,-1,2015-05-06 17:32:46.859136+02,2015-05-06 17:37:46.954167+02,2015-05-06 17:37:46.954235+02,t,"SELECT payment(2, 1, 24, 2, 1, '', 3987.560000)",active,2015-05-06 17:37:46.954237+02
1430926666.96097,dbt2,55729,10,mark,dbt2-client,,-1,2015-05-06 17:32:47.059357+02,,2015-05-06 17:37:46.963+02,f,COMMIT,idle,2015-05-06 17:37:46.963291+02
1430926666.96097,dbt2,55733,10,mark,dbt2-client,,-1,2015-05-06 17:32:47.159566+02,2015-05-06 17:37:46.958601+02,2015-05-06 17:37:46.958713+02,f,"SELECT delivery(2, 1)",active,2015-05-06 17:37:46.958714+02
1430926666.96097,dbt2,55737,10,mark,dbt2-client,,-1,2015-05-06 17:32:47.259635+02,,2015-05-06 17:37:46.961163+02,f,COMMIT,idle,2015-05-06 17:37:46.96138+02
1430926666.96097,dbt2,55741,10,mark,dbt2-client,,-1,2015-05-06 17:32:47.359809+02,2015-05-06 17:37:46.960325+02,2015-05-06 17:37:46.960387+02,f,"SELECT payment(1, 1, 0, 1, 1, 'PRIEINGANTI', 4433.510000)",active,2015-05-06 17:37:46.960388+02
1430926666.96097,dbt2,55745,10,mark,dbt2-client,,-1,2015-05-06 17:32:47.459964+02,2015-05-06 17:37:46.962636+02,2015-05-06 17:37:46.962904+02,f,FETCH ALL IN mycursor,active,2015-05-06 17:37:46.962905+02
1430926666.96097,dbt2,55749,10,mark,dbt2-client,,-1,2015-05-06 17:32:47.560087+02,2015-05-06 17:37:46.961495+02,2015-05-06 17:37:46.961909+02,f,FETCH ALL IN mycursor,active,2015-05-06 17:37:46.961911+02
1430926666.96097,dbt2,55840,10,mark,psql,,-1,2015-05-06 17:37:46.957529+02,2015-05-06 17:37:46.960951+02,2015-05-06 17:37:46.960951+02,f,"COPY (SELECT EXTRACT(EPOCH FROM TRANSACTION_TIMESTAMP()) AS ctime, a.schemaname, a.relname, a.indexrelname, idx_scan, idx_tup_read, idx_tup_fetch, idx_blks_read, idx_blks_hit FROM pg_stat_all_indexes a, pg_statio_all_indexes b WHERE a.indexrelid = b.indexrelid) TO STDOUT (FORMAT CSV);",active,2015-05-06 17:37:46.960957+02
1430926666.96097,dbt2,55841,10,mark,psql,,-1,2015-05-06 17:37:46.957705+02,2015-05-06 17:37:46.960966+02,2015-05-06 17:37:46.960966+02,f,"COPY (SELECT EXTRACT(EPOCH FROM TRANSACTION_TIMESTAMP()) AS ctime, datname, pid, usesysid, usename, application_name, client_addr, client_port, backend_start, xact_start, query_start, waiting, query , state, state_change FROM pg_stat_activity) TO STDOUT (FORMAT CSV);",active,2015-05-06 17:37:46.960976+02
1430926666.96097,dbt2,55842,10,mark,psql,,-1,2015-05-06 17:37:46.957913+02,2015-05-06 17:37:46.960854+02,2015-05-06 17:37:46.960854+02,f,"COPY (SELECT EXTRACT(EPOCH FROM TRANSACTION_TIMESTAMP()) AS ctime, datname, numbackends, xact_commit, xact_rollback, blks_read, blks_hit, tup_returned, tup_fetched, tup_inserted, tup_updated, tup_deleted FROM pg_stat_database) TO STDOUT (FORMAT CSV);",active,2015-05-06 17:37:46.960862+02
1430926666.96097,dbt2,55843,10,mark,psql,,-1,2015-05-06 17:37:46.958132+02,2015-05-06 17:37:46.961124+02,2015-05-06 17:37:46.961124+02,f,"COPY (SELECT EXTRACT(EPOCH FROM TRANSACTION_TIMESTAMP()) AS ctime, a.schemaname, a.relname, seq_scan, seq_tup_read, idx_scan, idx_tup_fetch, n_tup_ins, n_tup_upd, n_tup_del, n_tup_hot_upd, n_live_tup, n_dead_tup, heap_blks_read, heap_blks_hit, idx_blks_read, idx_blks_hit, toast_blks_read, toast_blks_hit, tidx_blks_read, tidx_blks_hit FROM pg_statio_all_tables a, pg_stat_all_tables b WHERE a.relid = b.relid) TO STDOUT (FORMAT CSV);",active,2015-05-06 17:37:46.961133+02
1430926726.96485,dbt2,55572,10,mark,dbt2-client,,-1,2015-05-06 17:32:45.657597+02,,2015-05-06 17:38:46.963704+02,f,COMMIT,idle,2015-05-06 17:38:46.963736+02
1430926726.96485,dbt2,55576,10,mark,dbt2-client,,-1,2015-05-06 17:32:45.757627+02,2015-05-06 17:38:46.961956+02,2015-05-06 17:38:46.962013+02,t,"SELECT payment(1, 3, 0, 1, 3, 'PRESPRIEING', 3278.780000)",active,2015-05-06 17:38:46.962014+02
1430926726.96485,dbt2,55578,10,mark,dbt2-client,,-1,2015-05-06 17:32:45.85777+02,2015-05-06 17:38:46.956882+02,2015-05-06 17:38:46.956956+02,t,"SELECT payment(2, 2, 0, 2, 2, 'ANTIESEPRES', 1400.800000)",active,2015-05-06 17:38:46.956957+02
1430926726.96485,dbt2,55580,10,mark,dbt2-client,,-1,2015-05-06 17:32:45.958003+02,2015-05-06 17:38:46.965985+02,2015-05-06 17:38:46.966347+02,t,FETCH ALL IN mycursor,active,2015-05-06 17:38:46.966349+02
1430926726.96485,dbt2,55582,10,mark,dbt2-client,,-1,2015-05-06 17:32:46.058051+02,2015-05-06 17:38:46.961118+02,2015-05-06 17:38:46.961167+02,t,"SELECT payment(1, 6, 0, 1, 6, 'ESEBARATION', 4977.860000)",active,2015-05-06 17:38:46.961168+02
1430926726.96485,dbt2,55584,10,mark,dbt2-client,,-1,2015-05-06 17:32:46.158192+02,2015-05-06 17:38:46.963166+02,2015-05-06 17:38:46.963501+02,f,FETCH ALL IN mycursor,active,2015-05-06 17:38:46.963513+02
1430926726.96485,dbt2,55586,10,mark,dbt2-client,,-1,2015-05-06 17:32:46.258353+02,2015-05-06 17:38:46.963621+02,2015-05-06 17:38:46.963667+02,t,"SELECT payment(2, 6, 0, 2, 6, 'ESECALLYBAR', 4942.010000)",active,2015-05-06 17:38:46.963668+02
1430926726.96485,dbt2,55588,10,mark,dbt2-client,,-1,2015-05-06 17:32:46.358514+02,2015-05-06 17:38:46.963826+02,2015-05-06 17:38:46.963871+02,t,"SELECT payment(2, 7, 1013, 1, 5, '', 3654.010000)",active,2015-05-06 17:38:46.963871+02
1430926726.96485,dbt2,55590,10,mark,dbt2-client,,-1,2015-05-06 17:32:46.458634+02,2015-05-06 17:38:46.957317+02,2015-05-06 17:38:46.957405+02,t,"SELECT payment(1, 9, 1720, 1, 9, '', 121.210000)",active,2015-05-06 17:38:46.957406+02
1430926726.96485,dbt2,55592,10,mark,dbt2-client,,-1,2015-05-06 17:32:46.558779+02,2015-05-06 17:38:46.963731+02,2015-05-06 17:38:46.967044+02,f,COMMIT,active,2015-05-06 17:38:46.967045+02
1430926726.96485,dbt2,55594,10,mark,dbt2-client,,-1,2015-05-06 17:32:46.658961+02,2015-05-06 17:38:46.965043+02,2015-05-06 17:38:46.965105+02,t,"SELECT payment(1, 8, 2520, 1, 8, '', 2676.560000)",active,2015-05-06 17:38:46.965106+02
1430926726.96485,dbt2,55655,10,mark,dbt2-client,,-1,2015-05-06 17:32:46.759003+02,2015-05-06 17:38:46.963914+02,2015-05-06 17:38:46.963962+02,t,"SELECT payment(2, 9, 0, 2, 9, 'BARBARANTI', 4158.600000)",active,2015-05-06 17:38:46.963963+02
1430926726.96485,dbt2,55725,10,mark,dbt2-client,,-1,2015-05-06 17:32:46.959227+02,2015-05-06 17:38:46.966361+02,2015-05-06 17:38:46.966604+02,t,FETCH ALL IN mycursor,active,2015-05-06 17:38:46.966605+02
1430926726.96485,dbt2,55688,10,mark,dbt2-client,,-1,2015-05-06 17:32:46.859136+02,2015-05-06 17:38:46.955512+02,2015-05-06 17:38:46.955569+02,f,"SELECT delivery(1, 9)",active,2015-05-06 17:38:46.95557+02
1430926726.96485,dbt2,55729,10,mark,dbt2-client,,-1,2015-05-06 17:32:47.059357+02,2015-05-06 17:38:46.966202+02,2015-05-06 17:38:46.966272+02,f,"SELECT payment(2, 7, 2048, 2, 7, '', 67.260000)",idle in transaction,2015-05-06 17:38:46.967093+02
1430926726.96485,dbt2,55733,10,mark,dbt2-client,,-1,2015-05-06 17:32:47.159566+02,2015-05-06 17:38:46.953778+02,2015-05-06 17:38:46.953831+02,f,"SELECT delivery(2, 10)",active,2015-05-06 17:38:46.953833+02
1430926726.96485,dbt2,55737,10,mark,dbt2-client,,-1,2015-05-06 17:32:47.259635+02,2015-05-06 17:38:46.964199+02,2015-05-06 17:38:46.964432+02,t,FETCH ALL IN mycursor,active,2015-05-06 17:38:46.964433+02
1430926726.96485,dbt2,55741,10,mark,dbt2-client,,-1,2015-05-06 17:32:47.359809+02,,2015-05-06 17:38:46.966776+02,f,COMMIT,idle,2015-05-06 17:38:46.966961+02
1430926726.96485,dbt2,55745,10,mark,dbt2-client,,-1,2015-05-06 17:32:47.459964+02,2015-05-06 17:38:46.959472+02,2015-05-06 17:38:46.966027+02,f,COMMIT,active,2015-05-06 17:38:46.966028+02
1430926726.96485,dbt2,55749,10,mark,dbt2-client,,-1,2015-05-06 17:32:47.560087+02,2015-05-06 17:38:46.965587+02,2015-05-06 17:38:46.965646+02,f,"DECLARE mycursor CURSOR FOR SELECT new_order(1, 6, 2616, 1, 10, make_new_order_info(64384, 1, 4), make_new_order_info(3992, 1, 9), make_new_order_info(85419, 1, 3), make_new_order_info(8144, 1, 9), make_new_order_info(76535, 1, 8), make_new_order_info(16248, 1, 4), make_new_order_info(31536, 1, 5), make_new_order_info(32736, 1, 7), make_new_order_info(24512, 1, 8), make_new_order_info(69498, 1, 10), make_new_order_info(0, 0, 0), make_new_order_info(0, 0, 0), make_new_order_info(0, 0, 0), make_new_order_info(0, 0, 0), make_new_order_info(0, 0, 0) )",idle in transaction,2015-05-06 17:38:46.965868+02
1430926726.96485,dbt2,55845,10,mark,"",,,2015-05-06 17:38:05.936435+02,2015-05-06 17:38:46.91504+02,2015-05-06 17:38:46.91504+02,f,autovacuum: ANALYZE public.history,active,2015-05-06 17:38:46.91504+02
1430926726.96485,dbt2,55853,10,mark,psql,,-1,2015-05-06 17:38:46.962282+02,2015-05-06 17:38:46.964846+02,2015-05-06 17:38:46.964846+02,f,"COPY (SELECT EXTRACT(EPOCH FROM TRANSACTION_TIMESTAMP()) AS ctime, datname, pid, usesysid, usename, application_name, client_addr, client_port, backend_start, xact_start, query_start, waiting, query , state, state_change FROM pg_stat_activity) TO STDOUT (FORMAT CSV);",active,2015-05-06 17:38:46.964852+02
1430926726.96485,dbt2,55854,10,mark,psql,,-1,2015-05-06 17:38:46.963016+02,2015-05-06 17:38:46.965998+02,2015-05-06 17:38:46.965998+02,f,"COPY (SELECT EXTRACT(EPOCH FROM TRANSACTION_TIMESTAMP()) AS ctime, relname, pid, mode, granted FROM pg_locks, pg_class WHERE relfilenode = relation ORDER BY relname) TO STDOUT (FORMAT CSV);",active,2015-05-06 17:38:46.966006+02
1430926726.96485,dbt2,55855,10,mark,psql,,-1,2015-05-06 17:38:46.96402+02,2015-05-06 17:38:46.966669+02,2015-05-06 17:38:46.966669+02,f,"COPY (SELECT EXTRACT(EPOCH FROM TRANSACTION_TIMESTAMP()) AS ctime, a.schemaname, a.relname, seq_scan, seq_tup_read, idx_scan, idx_tup_fetch, n_tup_ins, n_tup_upd, n_tup_del, n_tup_hot_upd, n_live_tup, n_dead_tup, heap_blks_read, heap_blks_hit, idx_blks_read, idx_blks_hit, toast_blks_read, toast_blks_hit, tidx_blks_read, tidx_blks_hit FROM pg_statio_all_tables a, pg_stat_all_tables b WHERE a.relid = b.relid) TO STDOUT (FORMAT CSV);",active,2015-05-06 17:38:46.966678+02
1430926786.97048,dbt2,55572,10,mark,dbt2-client,,-1,2015-05-06 17:32:45.657597+02,2015-05-06 17:39:46.971151+02,2015-05-06 17:39:46.971601+02,t,FETCH ALL IN mycursor,active,2015-05-06 17:39:46.971603+02
1430926786.97048,dbt2,55576,10,mark,dbt2-client,,-1,2015-05-06 17:32:45.757627+02,2015-05-06 17:39:46.973383+02,2015-05-06 17:39:46.974489+02,f,FETCH ALL IN mycursor,active,2015-05-06 17:39:46.974492+02
1430926786.97048,dbt2,55578,10,mark,dbt2-client,,-1,2015-05-06 17:32:45.85777+02,2015-05-06 17:39:46.970613+02,2015-05-06 17:39:46.970681+02,t,"SELECT payment(2, 7, 0, 2, 7, 'CALLYOUGHTESE', 4009.570000)",active,2015-05-06 17:39:46.970683+02
1430926786.97048,dbt2,55580,10,mark,dbt2-client,,-1,2015-05-06 17:32:45.958003+02,2015-05-06 17:39:46.959529+02,2015-05-06 17:39:46.959617+02,f,"SELECT payment(1, 10, 990, 1, 10, '', 3462.610000)",active,2015-05-06 17:39:46.959618+02
1430926786.97048,dbt2,55582,10,mark,dbt2-client,,-1,2015-05-06 17:32:46.058051+02,,2015-05-06 17:39:46.974391+02,f,COMMIT,idle,2015-05-06 17:39:46.974617+02
1430926786.97048,dbt2,55584,10,mark,dbt2-client,,-1,2015-05-06 17:32:46.158192+02,2015-05-06 17:39:46.970192+02,2015-05-06 17:39:46.970657+02,f,FETCH ALL IN mycursor,active,2015-05-06 17:39:46.970659+02
1430926786.97048,dbt2,55586,10,mark,dbt2-client,,-1,2015-05-06 17:32:46.258353+02,2015-05-06 17:39:46.973956+02,2015-05-06 17:39:46.974045+02,f,"SELECT payment(2, 9, 0, 2, 9, 'ESEATIONEING', 1533.010000)",active,2015-05-06 17:39:46.974047+02
1430926786.97048,dbt2,55588,10,mark,dbt2-client,,-1,2015-05-06 17:32:46.358514+02,2015-05-06 17:39:46.969107+02,2015-05-06 17:39:46.96918+02,t,"SELECT payment(2, 9, 0, 2, 9, 'ANTIABLECALLY', 416.290000)",active,2015-05-06 17:39:46.969182+02
1430926786.97048,dbt2,55590,10,mark,dbt2-client,,-1,2015-05-06 17:32:46.458634+02,2015-05-06 17:39:46.968957+02,2015-05-06 17:39:46.969033+02,t,"SELECT payment(2, 8, 0, 2, 8, 'CALLYANTICALLY', 951.570000)",active,2015-05-06 17:39:46.969035+02
1430926786.97048,dbt2,55592,10,mark,dbt2-client,,-1,2015-05-06 17:32:46.558779+02,2015-05-06 17:39:46.970214+02,2015-05-06 17:39:46.970668+02,f,FETCH ALL IN mycursor,active,2015-05-06 17:39:46.97067+02
1430926786.97048,dbt2,55594,10,mark,dbt2-client,,-1,2015-05-06 17:32:46.658961+02,,2015-05-06 17:39:46.973751+02,f,COMMIT,idle,2015-05-06 17:39:46.974005+02
1430926786.97048,dbt2,55655,10,mark,dbt2-client,,-1,2015-05-06 17:32:46.759003+02,,2015-05-06 17:39:46.972793+02,f,COMMIT,idle,2015-05-06 17:39:46.973149+02
1430926786.97048,dbt2,55725,10,mark,dbt2-client,,-1,2015-05-06 17:32:46.959227+02,2015-05-06 17:39:46.974397+02,2015-05-06 17:39:46.974453+02,f,"SELECT stock_level(1, 1, 15)",active,2015-05-06 17:39:46.974454+02
1430926786.97048,dbt2,55688,10,mark,dbt2-client,,-1,2015-05-06 17:32:46.859136+02,2015-05-06 17:39:46.970261+02,2015-05-06 17:39:46.970631+02,f,FETCH ALL IN mycursor,idle in transaction,2015-05-06 17:39:46.974654+02
1430926786.97048,dbt2,55729,10,mark,dbt2-client,,-1,2015-05-06 17:32:47.059357+02,2015-05-06 17:39:46.96679+02,2015-05-06 17:39:46.966879+02,t,"SELECT payment(2, 2, 0, 1, 4, 'BARANTIPRI', 386.040000)",active,2015-05-06 17:39:46.966881+02
1430926786.97048,dbt2,55733,10,mark,dbt2-client,,-1,2015-05-06 17:32:47.159566+02,2015-05-06 17:39:46.970173+02,2015-05-06 17:39:46.970659+02,f,FETCH ALL IN mycursor,active,2015-05-06 17:39:46.97066+02
1430926786.97048,dbt2,55737,10,mark,dbt2-client,,-1,2015-05-06 17:32:47.259635+02,2015-05-06 17:39:46.973113+02,2015-05-06 17:39:46.973505+02,f,FETCH ALL IN mycursor,active,2015-05-06 17:39:46.973507+02
1430926786.97048,dbt2,55741,10,mark,dbt2-client,,-1,2015-05-06 17:32:47.359809+02,2015-05-06 17:39:46.974611+02,2015-05-06 17:39:46.974611+02,f,BEGIN,idle in transaction,2015-05-06 17:39:46.974656+02
1430926786.97048,dbt2,55745,10,mark,dbt2-client,,-1,2015-05-06 17:32:47.459964+02,2015-05-06 17:39:46.940962+02,2015-05-06 17:39:46.941039+02,t,"SELECT payment(2, 3, 2523, 2, 3, '', 3829.790000)",active,2015-05-06 17:39:46.94104+02
1430926786.97048,dbt2,55749,10,mark,dbt2-client,,-1,2015-05-06 17:32:47.560087+02,2015-05-06 17:39:46.962313+02,2015-05-06 17:39:46.962386+02,t,"SELECT payment(1, 2, 56, 1, 2, '', 1166.200000)",active,2015-05-06 17:39:46.962388+02
1430926786.97048,dbt2,55845,10,mark,"",,,2015-05-06 17:38:05.936435+02,2015-05-06 17:38:51.393308+02,2015-05-06 17:38:51.393308+02,f,autovacuum: VACUUM ANALYZE public.order_line,active,2015-05-06 17:38:51.393309+02
1430926786.97048,dbt2,55858,10,mark,"",,,2015-05-06 17:39:05.961926+02,2015-05-06 17:39:05.983559+02,2015-05-06 17:39:05.983559+02,f,autovacuum: VACUUM ANALYZE public.warehouse,active,2015-05-06 17:39:05.98356+02
1430926786.97048,dbt2,55869,10,mark,psql,,-1,2015-05-06 17:39:46.966958+02,2015-05-06 17:39:46.970695+02,2015-05-06 17:39:46.970695+02,f,"COPY (SELECT EXTRACT(EPOCH FROM TRANSACTION_TIMESTAMP()) AS ctime, datname, numbackends, xact_commit, xact_rollback, blks_read, blks_hit, tup_returned, tup_fetched, tup_inserted, tup_updated, tup_deleted FROM pg_stat_database) TO STDOUT (FORMAT CSV);",active,2015-05-06 17:39:46.970704+02
1430926786.97048,dbt2,55870,10,mark,psql,,-1,2015-05-06 17:39:46.967175+02,2015-05-06 17:39:46.970837+02,2015-05-06 17:39:46.970837+02,f,"COPY (SELECT EXTRACT(EPOCH FROM TRANSACTION_TIMESTAMP()) AS ctime, relname, pid, mode, granted FROM pg_locks, pg_class WHERE relfilenode = relation ORDER BY relname) TO STDOUT (FORMAT CSV);",active,2015-05-06 17:39:46.970846+02
1430926786.97048,dbt2,55871,10,mark,psql,,-1,2015-05-06 17:39:46.967335+02,2015-05-06 17:39:46.970479+02,2015-05-06 17:39:46.970479+02,f,"COPY (SELECT EXTRACT(EPOCH FROM TRANSACTION_TIMESTAMP()) AS ctime, datname, pid, usesysid, usename, application_name, client_addr, client_port, backend_start, xact_start, query_start, waiting, query , state, state_change FROM pg_stat_activity) TO STDOUT (FORMAT CSV);",active,2015-05-06 17:39:46.970489+02
1430926786.97048,dbt2,55872,10,mark,psql,,-1,2015-05-06 17:39:46.967565+02,2015-05-06 17:39:46.971159+02,2015-05-06 17:39:46.971159+02,f,"COPY (SELECT EXTRACT(EPOCH FROM TRANSACTION_TIMESTAMP()) AS ctime, a.schemaname, a.relname, a.indexrelname, idx_scan, idx_tup_read, idx_tup_fetch, idx_blks_read, idx_blks_hit FROM pg_stat_all_indexes a, pg_statio_all_indexes b WHERE a.indexrelid = b.indexrelid) TO STDOUT (FORMAT CSV);",active,2015-05-06 17:39:46.971168+02
1430926786.97048,dbt2,55873,10,mark,psql,,-1,2015-05-06 17:39:46.969507+02,2015-05-06 17:39:46.972919+02,2015-05-06 17:39:46.972919+02,f,"COPY (SELECT EXTRACT(EPOCH FROM TRANSACTION_TIMESTAMP()) AS ctime, a.schemaname, a.relname, seq_scan, seq_tup_read, idx_scan, idx_tup_fetch, n_tup_ins, n_tup_upd, n_tup_del, n_tup_hot_upd, n_live_tup, n_dead_tup, heap_blks_read, heap_blks_hit, idx_blks_read, idx_blks_hit, toast_blks_read, toast_blks_hit, tidx_blks_read, tidx_blks_hit FROM pg_statio_all_tables a, pg_stat_all_tables b WHERE a.relid = b.relid) TO STDOUT (FORMAT CSV);",active,2015-05-06 17:39:46.97293+02
1430926846.97244,dbt2,55572,10,mark,dbt2-client,,-1,2015-05-06 17:32:45.657597+02,2015-05-06 17:40:46.838119+02,2015-05-06 17:40:46.838497+02,t,FETCH ALL IN mycursor,active,2015-05-06 17:40:46.838498+02
1430926846.97244,dbt2,55576,10,mark,dbt2-client,,-1,2015-05-06 17:32:45.757627+02,2015-05-06 17:40:46.841509+02,2015-05-06 17:40:46.841586+02,t,"SELECT payment(1, 1, 2028, 1, 9, '', 981.520000)",active,2015-05-06 17:40:46.841587+02
1430926846.97244,dbt2,55578,10,mark,dbt2-client,,-1,2015-05-06 17:32:45.85777+02,2015-05-06 17:40:46.97241+02,2015-05-06 17:40:46.972485+02,t,"SELECT payment(2, 1, 0, 2, 1, 'PRESEINGPRES', 2285.540000)",active,2015-05-06 17:40:46.972486+02
1430926846.97244,dbt2,55580,10,mark,dbt2-client,,-1,2015-05-06 17:32:45.958003+02,2015-05-06 17:40:46.974097+02,2015-05-06 17:40:46.975175+02,t,FETCH ALL IN mycursor,active,2015-05-06 17:40:46.975176+02
1430926846.97244,dbt2,55582,10,mark,dbt2-client,,-1,2015-05-06 17:32:46.058051+02,2015-05-06 17:40:46.839909+02,2015-05-06 17:40:46.840303+02,t,FETCH ALL IN mycursor,active,2015-05-06 17:40:46.840304+02
1430926846.97244,dbt2,55584,10,mark,dbt2-client,,-1,2015-05-06 17:32:46.158192+02,2015-05-06 17:40:46.974197+02,2015-05-06 17:40:46.97447+02,f,FETCH ALL IN mycursor,active,2015-05-06 17:40:46.974471+02
1430926846.97244,dbt2,55586,10,mark,dbt2-client,,-1,2015-05-06 17:32:46.258353+02,2015-05-06 17:40:46.973467+02,2015-05-06 17:40:46.973528+02,t,"SELECT payment(2, 4, 0, 2, 4, 'EINGATIONESE', 2527.870000)",active,2015-05-06 17:40:46.973529+02
1430926846.97244,dbt2,55588,10,mark,dbt2-client,,-1,2015-05-06 17:32:46.358514+02,2015-05-06 17:40:46.969425+02,2015-05-06 17:40:46.969481+02,t,"SELECT payment(2, 8, 736, 1, 6, '', 1133.600000)",active,2015-05-06 17:40:46.969482+02
1430926846.97244,dbt2,55590,10,mark,dbt2-client,,-1,2015-05-06 17:32:46.458634+02,2015-05-06 17:40:46.976231+02,2015-05-06 17:40:46.976293+02,f,"DECLARE mycursor CURSOR FOR SELECT new_order(2, 9, 1536, 1, 14, make_new_order_info(97146, 2, 3), make_new_order_info(25232, 2, 3), make_new_order_info(98240, 2, 7), make_new_order_info(64488, 2, 7), make_new_order_info(99704, 2, 4), make_new_order_info(95741, 2, 1), make_new_order_info(54624, 2, 8), make_new_order_info(15672, 2, 7), make_new_order_info(48112, 2, 4), make_new_order_info(37531, 2, 4), make_new_order_info(15704, 2, 10), make_new_order_info(65408, 2, 3), make_new_order_info(79092, 2, 8), make_new_order_info(73533, 2, 6), make_new_order_info(0, 0, 0) )",active,2015-05-06 17:40:46.976295+02
1430926846.97244,dbt2,55592,10,mark,dbt2-client,,-1,2015-05-06 17:32:46.558779+02,2015-05-06 17:40:46.849509+02,2015-05-06 17:40:46.849562+02,t,"SELECT payment(1, 10, 0, 1, 10, 'PRESCALLYOUGHT', 1720.500000)",active,2015-05-06 17:40:46.849563+02
1430926846.97244,dbt2,55594,10,mark,dbt2-client,,-1,2015-05-06 17:32:46.658961+02,2015-05-06 17:40:46.846178+02,2015-05-06 17:40:46.846246+02,t,"SELECT payment(1, 2, 0, 1, 2, 'ESEOUGHTOUGHT', 2995.980000)",active,2015-05-06 17:40:46.846248+02
1430926846.97244,dbt2,55655,10,mark,dbt2-client,,-1,2015-05-06 17:32:46.759003+02,2015-05-06 17:40:46.969958+02,2015-05-06 17:40:46.970396+02,f,FETCH ALL IN mycursor,active,2015-05-06 17:40:46.970397+02
1430926846.97244,dbt2,55725,10,mark,dbt2-client,,-1,2015-05-06 17:32:46.959227+02,2015-05-06 17:40:46.975013+02,2015-05-06 17:40:46.975277+02,f,FETCH ALL IN mycursor,active,2015-05-06 17:40:46.975278+02
1430926846.97244,dbt2,55688,10,mark,dbt2-client,,-1,2015-05-06 17:32:46.859136+02,2015-05-06 17:40:46.838339+02,2015-05-06 17:40:46.838729+02,t,FETCH ALL IN mycursor,active,2015-05-06 17:40:46.83873+02
1430926846.97244,dbt2,55729,10,mark,dbt2-client,,-1,2015-05-06 17:32:47.059357+02,2015-05-06 17:40:46.851416+02,2015-05-06 17:40:46.851468+02,t,"SELECT payment(1, 7, 0, 1, 7, 'ANTIPRIANTI', 3320.470000)",active,2015-05-06 17:40:46.851469+02
1430926846.97244,dbt2,55733,10,mark,dbt2-client,,-1,2015-05-06 17:32:47.159566+02,2015-05-06 17:40:46.972326+02,2015-05-06 17:40:46.972379+02,t,"SELECT payment(2, 7, 944, 2, 7, '', 2980.680000)",active,2015-05-06 17:40:46.97238+02
1430926846.97244,dbt2,55737,10,mark,dbt2-client,,-1,2015-05-06 17:32:47.259635+02,2015-05-06 17:40:46.842526+02,2015-05-06 17:40:46.842617+02,t,"SELECT payment(1, 4, 0, 1, 4, 'PRIATIONPRI', 3241.830000)",active,2015-05-06 17:40:46.842619+02
1430926846.97244,dbt2,55741,10,mark,dbt2-client,,-1,2015-05-06 17:32:47.359809+02,2015-05-06 17:40:46.837515+02,2015-05-06 17:40:46.837821+02,t,FETCH ALL IN mycursor,active,2015-05-06 17:40:46.837823+02
1430926846.97244,dbt2,55745,10,mark,dbt2-client,,-1,2015-05-06 17:32:47.459964+02,2015-05-06 17:40:46.841252+02,2015-05-06 17:40:46.841324+02,t,"SELECT payment(1, 10, 0, 1, 10, 'ABLEESEOUGHT', 2702.530000)",active,2015-05-06 17:40:46.841326+02
1430926846.97244,dbt2,55749,10,mark,dbt2-client,,-1,2015-05-06 17:32:47.560087+02,2015-05-06 17:40:46.9502+02,2015-05-06 17:40:46.950261+02,t,"SELECT payment(2, 4, 1998, 2, 4, '', 2912.380000)",active,2015-05-06 17:40:46.950262+02
1430926846.97244,dbt2,55845,10,mark,"",,,2015-05-06 17:38:05.936435+02,2015-05-06 17:38:51.393308+02,2015-05-06 17:38:51.393308+02,f,autovacuum: VACUUM ANALYZE public.order_line,active,2015-05-06 17:38:51.393309+02
1430926846.97244,dbt2,55858,10,mark,"",,,2015-05-06 17:39:05.961926+02,2015-05-06 17:40:30.200748+02,2015-05-06 17:40:30.200748+02,f,autovacuum: VACUUM ANALYZE public.orders,active,2015-05-06 17:40:30.200748+02
1430926846.97244,dbt2,55880,10,mark,"",,,2015-05-06 17:40:05.977603+02,2015-05-06 17:40:30.377606+02,2015-05-06 17:40:30.377606+02,f,autovacuum: VACUUM ANALYZE public.customer,active,2015-05-06 17:40:30.377607+02
1430926846.97244,dbt2,55887,10,mark,psql,,-1,2015-05-06 17:40:46.968874+02,2015-05-06 17:40:46.971682+02,2015-05-06 17:40:46.971682+02,f,"COPY (SELECT EXTRACT(EPOCH FROM TRANSACTION_TIMESTAMP()) AS ctime, a.schemaname, a.relname, a.indexrelname, idx_scan, idx_tup_read, idx_tup_fetch, idx_blks_read, idx_blks_hit FROM pg_stat_all_indexes a, pg_statio_all_indexes b WHERE a.indexrelid = b.indexrelid) TO STDOUT (FORMAT CSV);",active,2015-05-06 17:40:46.97169+02
1430926846.97244,dbt2,55888,10,mark,psql,,-1,2015-05-06 17:40:46.969082+02,2015-05-06 17:40:46.972438+02,2015-05-06 17:40:46.972438+02,f,"COPY (SELECT EXTRACT(EPOCH FROM TRANSACTION_TIMESTAMP()) AS ctime, datname, pid, usesysid, usename, application_name, client_addr, client_port, backend_start, xact_start, query_start, waiting, query , state, state_change FROM pg_stat_activity) TO STDOUT (FORMAT CSV);",active,2015-05-06 17:40:46.972446+02
1430926846.97244,dbt2,55889,10,mark,psql,,-1,2015-05-06 17:40:46.969264+02,,2015-05-06 17:40:46.972084+02,f,"COPY (SELECT EXTRACT(EPOCH FROM TRANSACTION_TIMESTAMP()) AS ctime, relname, pid, mode, granted FROM pg_locks, pg_class WHERE relfilenode = relation ORDER BY relname) TO STDOUT (FORMAT CSV);",idle,2015-05-06 17:40:46.976407+02
1430926846.97244,dbt2,55890,10,mark,psql,,-1,2015-05-06 17:40:46.969467+02,2015-05-06 17:40:46.9725+02,2015-05-06 17:40:46.9725+02,f,"COPY (SELECT EXTRACT(EPOCH FROM TRANSACTION_TIMESTAMP()) AS ctime, a.schemaname, a.relname, seq_scan, seq_tup_read, idx_scan, idx_tup_fetch, n_tup_ins, n_tup_upd, n_tup_del, n_tup_hot_upd, n_live_tup, n_dead_tup, heap_blks_read, heap_blks_hit, idx_blks_read, idx_blks_hit, toast_blks_read, toast_blks_hit, tidx_blks_read, tidx_blks_hit FROM pg_statio_all_tables a, pg_stat_all_tables b WHERE a.relid = b.relid) TO STDOUT (FORMAT CSV);",active,2015-05-06 17:40:46.972511+02
1430926846.97244,dbt2,55891,10,mark,psql,,-1,2015-05-06 17:40:46.969681+02,2015-05-06 17:40:46.973018+02,2015-05-06 17:40:46.973018+02,f,"COPY (SELECT EXTRACT(EPOCH FROM TRANSACTION_TIMESTAMP()) AS ctime, datname, numbackends, xact_commit, xact_rollback, blks_read, blks_hit, tup_returned, tup_fetched, tup_inserted, tup_updated, tup_deleted FROM pg_stat_database) TO STDOUT (FORMAT CSV);",active,2015-05-06 17:40:46.973026+02
1430926906.97399,dbt2,55572,10,mark,dbt2-client,,-1,2015-05-06 17:32:45.657597+02,,2015-05-06 17:41:46.970715+02,f,COMMIT,idle,2015-05-06 17:41:46.970912+02
1430926906.97399,dbt2,55576,10,mark,dbt2-client,,-1,2015-05-06 17:32:45.757627+02,2015-05-06 17:41:46.970987+02,2015-05-06 17:41:46.971068+02,t,"SELECT payment(2, 2, 0, 2, 2, 'BARABLEPRI', 1353.090000)",active,2015-05-06 17:41:46.97107+02
1430926906.97399,dbt2,55578,10,mark,dbt2-client,,-1,2015-05-06 17:32:45.85777+02,,2015-05-06 17:41:46.976744+02,f,COMMIT,idle,2015-05-06 17:41:46.976959+02
1430926906.97399,dbt2,55580,10,mark,dbt2-client,,-1,2015-05-06 17:32:45.958003+02,2015-05-06 17:41:46.974339+02,2015-05-06 17:41:46.974748+02,f,FETCH ALL IN mycursor,active,2015-05-06 17:41:46.974749+02
1430926906.97399,dbt2,55582,10,mark,dbt2-client,,-1,2015-05-06 17:32:46.058051+02,,2015-05-06 17:41:46.974207+02,f,COMMIT,idle,2015-05-06 17:41:46.974413+02
1430926906.97399,dbt2,55584,10,mark,dbt2-client,,-1,2015-05-06 17:32:46.158192+02,2015-05-06 17:41:46.974315+02,2015-05-06 17:41:46.974367+02,t,"SELECT payment(2, 1, 0, 2, 1, 'OUGHTATIONCALLY', 4926.170000)",active,2015-05-06 17:41:46.974368+02
1430926906.97399,dbt2,55586,10,mark,dbt2-client,,-1,2015-05-06 17:32:46.258353+02,2015-05-06 17:41:46.961043+02,2015-05-06 17:41:46.961153+02,t,"SELECT payment(1, 1, 0, 1, 1, 'CALLYANTIPRES', 1355.040000)",active,2015-05-06 17:41:46.961155+02
1430926906.97399,dbt2,55588,10,mark,dbt2-client,,-1,2015-05-06 17:32:46.358514+02,2015-05-06 17:41:46.967122+02,2015-05-06 17:41:46.967182+02,t,"SELECT payment(1, 2, 0, 1, 2, 'ESEOUGHTOUGHT', 2234.660000)",active,2015-05-06 17:41:46.967184+02
1430926906.97399,dbt2,55590,10,mark,dbt2-client,,-1,2015-05-06 17:32:46.458634+02,2015-05-06 17:41:46.971942+02,2015-05-06 17:41:46.972007+02,t,"SELECT payment(2, 4, 0, 2, 4, 'BARABLEOUGHT', 3327.360000)",active,2015-05-06 17:41:46.972008+02
1430926906.97399,dbt2,55592,10,mark,dbt2-client,,-1,2015-05-06 17:32:46.558779+02,2015-05-06 17:41:46.973573+02,2015-05-06 17:41:46.977101+02,f,COMMIT,active,2015-05-06 17:41:46.977102+02
1430926906.97399,dbt2,55594,10,mark,dbt2-client,,-1,2015-05-06 17:32:46.658961+02,2015-05-06 17:41:46.975985+02,2015-05-06 17:41:46.976053+02,t,"SELECT payment(1, 8, 512, 1, 8, '', 1325.730000)",active,2015-05-06 17:41:46.976054+02
1430926906.97399,dbt2,55655,10,mark,dbt2-client,,-1,2015-05-06 17:32:46.759003+02,2015-05-06 17:41:46.973825+02,2015-05-06 17:41:46.9742+02,f,FETCH ALL IN mycursor,active,2015-05-06 17:41:46.974201+02
1430926906.97399,dbt2,55725,10,mark,dbt2-client,,-1,2015-05-06 17:32:46.959227+02,2015-05-06 17:41:46.971151+02,2015-05-06 17:41:46.971201+02,f,"SELECT delivery(2, 1)",active,2015-05-06 17:41:46.971202+02
1430926906.97399,dbt2,55688,10,mark,dbt2-client,,-1,2015-05-06 17:32:46.859136+02,2015-05-06 17:41:46.973632+02,2015-05-06 17:41:46.97402+02,t,FETCH ALL IN mycursor,active,2015-05-06 17:41:46.974021+02
1430926906.97399,dbt2,55729,10,mark,dbt2-client,,-1,2015-05-06 17:32:47.059357+02,2015-05-06 17:41:46.975025+02,2015-05-06 17:41:46.975092+02,t,"SELECT payment(1, 3, 0, 1, 3, 'ABLEPRESANTI', 1073.600000)",active,2015-05-06 17:41:46.975094+02
1430926906.97399,dbt2,55733,10,mark,dbt2-client,,-1,2015-05-06 17:32:47.159566+02,2015-05-06 17:41:46.976667+02,2015-05-06 17:41:46.976743+02,t,"SELECT payment(2, 7, 0, 2, 7, 'OUGHTESEEING', 1264.040000)",active,2015-05-06 17:41:46.976745+02
1430926906.97399,dbt2,55737,10,mark,dbt2-client,,-1,2015-05-06 17:32:47.259635+02,2015-05-06 17:41:46.974813+02,2015-05-06 17:41:46.975054+02,f,FETCH ALL IN mycursor,active,2015-05-06 17:41:46.975055+02
1430926906.97399,dbt2,55741,10,mark,dbt2-client,,-1,2015-05-06 17:32:47.359809+02,2015-05-06 17:41:46.975645+02,2015-05-06 17:41:46.975739+02,f,"SELECT payment(2, 9, 0, 2, 9, 'ABLEESEESE', 1563.950000)",active,2015-05-06 17:41:46.975741+02
1430926906.97399,dbt2,55745,10,mark,dbt2-client,,-1,2015-05-06 17:32:47.459964+02,2015-05-06 17:41:46.969975+02,2015-05-06 17:41:46.970034+02,t,"SELECT payment(1, 6, 0, 1, 6, 'CALLYPRIPRES', 769.350000)",active,2015-05-06 17:41:46.970036+02
1430926906.97399,dbt2,55749,10,mark,dbt2-client,,-1,2015-05-06 17:32:47.560087+02,2015-05-06 17:41:46.973365+02,2015-05-06 17:41:46.973685+02,f,FETCH ALL IN mycursor,active,2015-05-06 17:41:46.973687+02
1430926906.97399,dbt2,55845,10,mark,"",,,2015-05-06 17:38:05.936435+02,2015-05-06 17:38:51.393308+02,2015-05-06 17:38:51.393308+02,f,autovacuum: VACUUM ANALYZE public.order_line,active,2015-05-06 17:38:51.393309+02
1430926906.97399,dbt2,55900,10,mark,psql,,-1,2015-05-06 17:41:46.971228+02,2015-05-06 17:41:46.973992+02,2015-05-06 17:41:46.973992+02,f,"COPY (SELECT EXTRACT(EPOCH FROM TRANSACTION_TIMESTAMP()) AS ctime, datname, pid, usesysid, usename, application_name, client_addr, client_port, backend_start, xact_start, query_start, waiting, query , state, state_change FROM pg_stat_activity) TO STDOUT (FORMAT CSV);",active,2015-05-06 17:41:46.973999+02
1430926906.97399,dbt2,55893,10,mark,"",,,2015-05-06 17:41:05.985184+02,2015-05-06 17:41:41.661154+02,2015-05-06 17:41:41.661154+02,f,autovacuum: VACUUM ANALYZE public.customer,active,2015-05-06 17:41:41.661155+02
1430926906.97399,dbt2,55901,10,mark,psql,,-1,2015-05-06 17:41:46.971785+02,2015-05-06 17:41:46.975094+02,2015-05-06 17:41:46.975094+02,f,"COPY (SELECT EXTRACT(EPOCH FROM TRANSACTION_TIMESTAMP()) AS ctime, datname, numbackends, xact_commit, xact_rollback, blks_read, blks_hit, tup_returned, tup_fetched, tup_inserted, tup_updated, tup_deleted FROM pg_stat_database) TO STDOUT (FORMAT CSV);",active,2015-05-06 17:41:46.975101+02
1430926906.97399,dbt2,55902,10,mark,psql,,-1,2015-05-06 17:41:46.971926+02,,,f,"",idle,2015-05-06 17:41:46.974955+02
1430926906.97399,dbt2,55903,10,mark,psql,,-1,2015-05-06 17:41:46.973907+02,,,f,"",idle,2015-05-06 17:41:46.976757+02
1430926966.97759,dbt2,55572,10,mark,dbt2-client,,-1,2015-05-06 17:32:45.657597+02,2015-05-06 17:42:46.978797+02,2015-05-06 17:42:46.978849+02,t,"SELECT payment(2, 9, 0, 2, 9, 'PRESBAREING', 3547.750000)",active,2015-05-06 17:42:46.97885+02
1430926966.97759,dbt2,55576,10,mark,dbt2-client,,-1,2015-05-06 17:32:45.757627+02,2015-05-06 17:42:46.9797+02,2015-05-06 17:42:46.979773+02,t,"SELECT payment(1, 9, 0, 1, 9, 'ATIONEINGESE', 4244.670000)",active,2015-05-06 17:42:46.979775+02
1430926966.97759,dbt2,55578,10,mark,dbt2-client,,-1,2015-05-06 17:32:45.85777+02,2015-05-06 17:42:46.972946+02,2015-05-06 17:42:46.973329+02,f,FETCH ALL IN mycursor,active,2015-05-06 17:42:46.97333+02
1430926966.97759,dbt2,55580,10,mark,dbt2-client,,-1,2015-05-06 17:32:45.958003+02,2015-05-06 17:42:46.949773+02,2015-05-06 17:42:46.94984+02,t,"SELECT payment(1, 3, 0, 1, 5, 'PRESCALLYEING', 3392.940000)",active,2015-05-06 17:42:46.949842+02
1430926966.97759,dbt2,55582,10,mark,dbt2-client,,-1,2015-05-06 17:32:46.058051+02,2015-05-06 17:42:46.972138+02,2015-05-06 17:42:46.972176+02,t,"SELECT payment(2, 6, 2020, 2, 6, '', 1969.400000)",active,2015-05-06 17:42:46.972177+02
1430926966.97759,dbt2,55584,10,mark,dbt2-client,,-1,2015-05-06 17:32:46.158192+02,2015-05-06 17:42:46.971071+02,2015-05-06 17:42:46.971372+02,f,"SELECT payment(1, 10, 31, 1, 10, '', 1585.050000)",active,2015-05-06 17:42:46.971373+02
1430926966.97759,dbt2,55586,10,mark,dbt2-client,,-1,2015-05-06 17:32:46.258353+02,2015-05-06 17:42:46.974443+02,2015-05-06 17:42:46.974507+02,t,"SELECT payment(1, 2, 0, 1, 2, 'ATIONEINGPRI', 2580.180000)",active,2015-05-06 17:42:46.974508+02
1430926966.97759,dbt2,55588,10,mark,dbt2-client,,-1,2015-05-06 17:32:46.358514+02,2015-05-06 17:42:46.977323+02,2015-05-06 17:42:46.977388+02,t,"SELECT payment(1, 1, 0, 1, 1, 'ABLEPRIESE', 2880.740000)",active,2015-05-06 17:42:46.97739+02
1430926966.97759,dbt2,55590,10,mark,dbt2-client,,-1,2015-05-06 17:32:46.458634+02,2015-05-06 17:42:46.977518+02,2015-05-06 17:42:46.977697+02,t,FETCH ALL IN mycursor,active,2015-05-06 17:42:46.977698+02
1430926966.97759,dbt2,55592,10,mark,dbt2-client,,-1,2015-05-06 17:32:46.558779+02,2015-05-06 17:42:46.974465+02,2015-05-06 17:42:46.974526+02,t,"SELECT payment(2, 7, 944, 2, 7, '', 1428.590000)",active,2015-05-06 17:42:46.974528+02
1430926966.97759,dbt2,55594,10,mark,dbt2-client,,-1,2015-05-06 17:32:46.658961+02,2015-05-06 17:42:46.971781+02,2015-05-06 17:42:46.971858+02,t,"SELECT payment(2, 4, 2496, 1, 5, '', 2891.830000)",active,2015-05-06 17:42:46.971859+02
1430926966.97759,dbt2,55655,10,mark,dbt2-client,,-1,2015-05-06 17:32:46.759003+02,2015-05-06 17:42:46.970718+02,2015-05-06 17:42:46.9708+02,t,"SELECT payment(2, 9, 0, 2, 9, 'PRESCALLYEING', 3978.440000)",active,2015-05-06 17:42:46.970802+02
1430926966.97759,dbt2,55725,10,mark,dbt2-client,,-1,2015-05-06 17:32:46.959227+02,,2015-05-06 17:42:46.980025+02,f,COMMIT,idle,2015-05-06 17:42:46.980257+02
1430926966.97759,dbt2,55688,10,mark,dbt2-client,,-1,2015-05-06 17:32:46.859136+02,2015-05-06 17:42:46.958833+02,2015-05-06 17:42:46.958872+02,t,"SELECT payment(2, 2, 2047, 2, 2, '', 624.930000)",active,2015-05-06 17:42:46.958872+02
1430926966.97759,dbt2,55729,10,mark,dbt2-client,,-1,2015-05-06 17:32:47.059357+02,2015-05-06 17:42:46.973972+02,2015-05-06 17:42:46.97489+02,f,FETCH ALL IN mycursor,active,2015-05-06 17:42:46.974892+02
1430926966.97759,dbt2,55733,10,mark,dbt2-client,,-1,2015-05-06 17:32:47.159566+02,2015-05-06 17:42:46.977606+02,2015-05-06 17:42:46.977685+02,t,"SELECT payment(1, 8, 0, 1, 8, 'EINGPRESPRI', 4202.300000)",active,2015-05-06 17:42:46.977686+02
1430926966.97759,dbt2,55737,10,mark,dbt2-client,,-1,2015-05-06 17:32:47.259635+02,2015-05-06 17:42:46.972404+02,2015-05-06 17:42:46.972461+02,t,"SELECT payment(2, 3, 0, 2, 3, 'ANTIPRIOUGHT', 4717.570000)",active,2015-05-06 17:42:46.972462+02
1430926966.97759,dbt2,55741,10,mark,dbt2-client,,-1,2015-05-06 17:32:47.359809+02,2015-05-06 17:42:46.978237+02,2015-05-06 17:42:46.978623+02,f,FETCH ALL IN mycursor,active,2015-05-06 17:42:46.978624+02
1430926966.97759,dbt2,55745,10,mark,dbt2-client,,-1,2015-05-06 17:32:47.459964+02,2015-05-06 17:42:46.965263+02,2015-05-06 17:42:46.965317+02,t,"SELECT payment(1, 5, 1832, 1, 5, '', 349.030000)",active,2015-05-06 17:42:46.965318+02
1430926966.97759,dbt2,55749,10,mark,dbt2-client,,-1,2015-05-06 17:32:47.560087+02,2015-05-06 17:42:46.970843+02,2015-05-06 17:42:46.970912+02,t,"SELECT payment(1, 3, 184, 1, 3, '', 4009.120000)",active,2015-05-06 17:42:46.970914+02
1430926966.97759,dbt2,55845,10,mark,"",,,2015-05-06 17:38:05.936435+02,2015-05-06 17:38:51.393308+02,2015-05-06 17:38:51.393308+02,f,autovacuum: VACUUM ANALYZE public.order_line,active,2015-05-06 17:38:51.393309+02
1430926966.97759,dbt2,55906,10,mark,"",,,2015-05-06 17:42:05.996848+02,2015-05-06 17:42:46.661333+02,2015-05-06 17:42:46.661333+02,f,autovacuum: ANALYZE public.history,active,2015-05-06 17:42:46.661334+02
1430926966.97759,dbt2,55913,10,mark,psql,,-1,2015-05-06 17:42:46.974355+02,2015-05-06 17:42:46.977175+02,2015-05-06 17:42:46.977175+02,f,"COPY (SELECT EXTRACT(EPOCH FROM TRANSACTION_TIMESTAMP()) AS ctime, relname, pid, mode, granted FROM pg_locks, pg_class WHERE relfilenode = relation ORDER BY relname) TO STDOUT (FORMAT CSV);",active,2015-05-06 17:42:46.977182+02
1430926966.97759,dbt2,55914,10,mark,psql,,-1,2015-05-06 17:42:46.974785+02,2015-05-06 17:42:46.977187+02,2015-05-06 17:42:46.977187+02,f,"COPY (SELECT EXTRACT(EPOCH FROM TRANSACTION_TIMESTAMP()) AS ctime, a.schemaname, a.relname, seq_scan, seq_tup_read, idx_scan, idx_tup_fetch, n_tup_ins, n_tup_upd, n_tup_del, n_tup_hot_upd, n_live_tup, n_dead_tup, heap_blks_read, heap_blks_hit, idx_blks_read, idx_blks_hit, toast_blks_read, toast_blks_hit, tidx_blks_read, tidx_blks_hit FROM pg_statio_all_tables a, pg_stat_all_tables b WHERE a.relid = b.relid) TO STDOUT (FORMAT CSV);",active,2015-05-06 17:42:46.977195+02
1430926966.97759,dbt2,55917,10,mark,psql,,-1,2015-05-06 17:42:46.975355+02,2015-05-06 17:42:46.97759+02,2015-05-06 17:42:46.97759+02,f,"COPY (SELECT EXTRACT(EPOCH FROM TRANSACTION_TIMESTAMP()) AS ctime, datname, pid, usesysid, usename, application_name, client_addr, client_port, backend_start, xact_start, query_start, waiting, query , state, state_change FROM pg_stat_activity) TO STDOUT (FORMAT CSV);",active,2015-05-06 17:42:46.977596+02
1430926966.97759,dbt2,55916,10,mark,psql,,-1,2015-05-06 17:42:46.975188+02,2015-05-06 17:42:46.979043+02,2015-05-06 17:42:46.979043+02,f,"COPY (SELECT EXTRACT(EPOCH FROM TRANSACTION_TIMESTAMP()) AS ctime, a.schemaname, a.relname, a.indexrelname, idx_scan, idx_tup_read, idx_tup_fetch, idx_blks_read, idx_blks_hit FROM pg_stat_all_indexes a, pg_statio_all_indexes b WHERE a.indexrelid = b.indexrelid) TO STDOUT (FORMAT CSV);",active,2015-05-06 17:42:46.979047+02
1430927026.9805,dbt2,56010,10,mark,psql,,-1,2015-05-06 17:43:46.361598+02,2015-05-06 17:43:46.363886+02,2015-05-06 17:43:46.364044+02,f,COPY customer FROM STDIN DELIMITER '	' NULL '';,active,2015-05-06 17:43:46.364045+02
1430927026.9805,dbt2,56016,10,mark,psql,,-1,2015-05-06 17:43:46.977477+02,2015-05-06 17:43:46.978878+02,2015-05-06 17:43:46.978878+02,f,"COPY (SELECT EXTRACT(EPOCH FROM TRANSACTION_TIMESTAMP()) AS ctime, datname, numbackends, xact_commit, xact_rollback, blks_read, blks_hit, tup_returned, tup_fetched, tup_inserted, tup_updated, tup_deleted FROM pg_stat_database) TO STDOUT (FORMAT CSV);",active,2015-05-06 17:43:46.978882+02
1430927026.9805,dbt2,56017,10,mark,psql,,-1,2015-05-06 17:43:46.97794+02,2015-05-06 17:43:46.980193+02,2015-05-06 17:43:46.980193+02,f,"COPY (SELECT EXTRACT(EPOCH FROM TRANSACTION_TIMESTAMP()) AS ctime, relname, pid, mode, granted FROM pg_locks, pg_class WHERE relfilenode = relation ORDER BY relname) TO STDOUT (FORMAT CSV);",active,2015-05-06 17:43:46.9802+02
1430927026.9805,dbt2,56018,10,mark,psql,,-1,2015-05-06 17:43:46.978122+02,2015-05-06 17:43:46.980501+02,2015-05-06 17:43:46.980501+02,f,"COPY (SELECT EXTRACT(EPOCH FROM TRANSACTION_TIMESTAMP()) AS ctime, datname, pid, usesysid, usename, application_name, client_addr, client_port, backend_start, xact_start, query_start, waiting, query , state, state_change FROM pg_stat_activity) TO STDOUT (FORMAT CSV);",active,2015-05-06 17:43:46.980508+02
1430927026.9805,dbt2,56019,10,mark,psql,,-1,2015-05-06 17:43:46.978342+02,2015-05-06 17:43:46.980563+02,2015-05-06 17:43:46.980563+02,f,"COPY (SELECT EXTRACT(EPOCH FROM TRANSACTION_TIMESTAMP()) AS ctime, a.schemaname, a.relname, a.indexrelname, idx_scan, idx_tup_read, idx_tup_fetch, idx_blks_read, idx_blks_hit FROM pg_stat_all_indexes a, pg_statio_all_indexes b WHERE a.indexrelid = b.indexrelid) TO STDOUT (FORMAT CSV);",active,2015-05-06 17:43:46.980572+02
1430927026.9805,dbt2,56020,10,mark,psql,,-1,2015-05-06 17:43:46.978669+02,2015-05-06 17:43:46.980983+02,2015-05-06 17:43:46.980983+02,f,"COPY (SELECT EXTRACT(EPOCH FROM TRANSACTION_TIMESTAMP()) AS ctime, a.schemaname, a.relname, seq_scan, seq_tup_read, idx_scan, idx_tup_fetch, n_tup_ins, n_tup_upd, n_tup_del, n_tup_hot_upd, n_live_tup, n_dead_tup, heap_blks_read, heap_blks_hit, idx_blks_read, idx_blks_hit, toast_blks_read, toast_blks_hit, tidx_blks_read, tidx_blks_hit FROM pg_statio_all_tables a, pg_stat_all_tables b WHERE a.relid = b.relid) TO STDOUT (FORMAT CSV);",active,2015-05-06 17:43:46.98099+02
